"student_id","book_id","session_date","minutes_read","words_read","wpm","quiz_correct","quiz_total","comprehension_score"
"1","19","2026-05-30","20","2259","113","5","5","92.5"
"1","4","2026-06-01","17","1930","113.6","5","5","90.5"
"1","4","2026-06-05","18","2020","112.3","5","5","92.4"
"1","4","2026-06-06","20","2353","117.7","4","5","81"
"1","19","2026-06-15","23","2814","122.4","5","5","93.9"
"1","4","2026-06-17","16","1967","123","5","5","95"
"1","19","2026-06-18","19","2263","119.1","4","5","89.9"
"1","4","2026-06-22","21","2472","117.7","4","5","89.4"
"1","18","2026-06-23","15","1774","118.3","4","5","86.5"
"1","18","2026-06-25","16","1967","122.9","5","5","99"
"1","4","2026-06-28","14","1733","123.8","4","5","87.3"
"1","19","2026-06-29","14","1620","115.8","4","5","88.1"
"1","4","2026-07-01","20","2541","127.1","4","5","82.6"
"1","4","2026-07-02","16","2058","128.7","4","5","86.7"
"1","19","2026-07-05","19","2310","121.6","4","5","89.3"
"1","4","2026-07-11","20","2586","129.3","5","5","91.7"
"1","4","2026-07-16","21","2631","125.3","5","5","100"
"1","18","2026-07-23","24","3014","125.6","5","5","100"
"1","18","2026-07-24","25","3234","129.4","5","5","100"
"1","18","2026-07-30","21","2798","133.3","5","5","99.4"
"1","18","2026-07-31","23","2900","126.1","5","5","95.2"
"1","4","2026-08-01","10","1345","134.5","5","5","93.1"
"1","19","2026-08-02","21","2774","132.1","5","5","100"
"1","18","2026-08-04","14","1815","129.7","5","5","92.1"
"1","19","2026-08-05","25","3175","127","5","5","97.6"
"1","18","2026-08-07","13","1680","129.2","5","5","99.8"
"1","4","2026-08-10","14","1777","127","5","5","100"
"1","18","2026-08-11","22","3046","138.5","5","5","95.6"
"1","4","2026-08-14","23","3124","135.8","5","5","100"
"1","19","2026-08-15","21","2836","135.1","5","5","91.7"
"1","19","2026-08-18","12","1688","140.7","5","5","100"
"1","4","2026-08-19","25","3391","135.7","5","5","99"
"1","4","2026-08-21","12","1658","138.2","5","5","100"
"1","4","2026-08-22","22","2873","130.6","5","5","100"
"1","18","2026-08-23","17","2364","139.1","5","5","100"
"1","19","2026-08-24","12","1724","143.7","5","5","100"
"1","19","2026-08-26","19","2651","139.6","5","5","100"
"1","18","2026-08-27","11","1543","140.3","5","5","100"
"2","9","2026-06-03","14","1539","109.9","4","5","73.6"
"2","9","2026-06-08","18","2047","113.7","4","5","74.1"
"2","16","2026-06-10","18","2011","111.8","4","5","77.8"
"2","9","2026-06-12","18","2196","122","4","5","81.1"
"2","9","2026-06-14","15","1761","117.4","4","5","74.5"
"2","17","2026-06-15","19","2261","119.1","4","5","83.6"
"2","17","2026-06-16","23","2689","116.9","4","5","70.3"
"2","16","2026-06-18","19","2107","110.9","4","5","77"
"2","17","2026-06-19","11","1224","111.4","3","5","68.3"
"2","17","2026-06-20","12","1407","117.3","4","5","77.5"
"2","17","2026-06-21","16","1894","118.4","3","5","67.6"
"2","9","2026-06-23","11","1324","120.4","4","5","81"
"2","17","2026-06-25","23","2770","120.5","4","5","71"
"2","9","2026-06-26","19","2203","116","4","5","76.3"
"2","17","2026-06-30","20","2395","119.8","4","5","73.2"
"2","16","2026-07-01","25","2969","118.8","4","5","73.8"
"2","9","2026-07-04","17","2051","120.7","4","5","70"
"2","16","2026-07-05","14","1677","119.8","4","5","88.9"
"2","16","2026-07-07","20","2570","128.5","4","5","75.2"
"2","9","2026-07-11","14","1692","120.9","4","5","78.3"
"2","9","2026-07-14","19","2440","128.4","4","5","75.3"
"2","17","2026-07-17","24","3011","125.5","3","5","67.3"
"2","17","2026-07-19","18","2342","130.1","4","5","81.2"
"2","16","2026-07-21","23","3032","131.8","3","5","69.1"
"2","16","2026-07-24","21","2693","128.2","4","5","79.1"
"2","17","2026-07-27","11","1377","125.2","4","5","70.6"
"2","16","2026-07-28","12","1560","130.1","4","5","74.2"
"2","16","2026-07-31","19","2464","129.7","4","5","82.2"
"2","16","2026-08-05","23","2996","130.3","4","5","79.9"
"2","17","2026-08-07","19","2559","134.7","4","5","74"
"2","9","2026-08-08","14","1873","133.9","4","5","81.8"
"2","17","2026-08-09","11","1440","131","4","5","80"
"2","9","2026-08-11","24","3008","125.4","4","5","74.5"
"2","16","2026-08-12","17","2293","134.9","4","5","76.4"
"2","9","2026-08-15","21","2862","136.3","5","5","94.4"
"2","17","2026-08-17","15","2013","134.2","4","5","82.7"
"2","16","2026-08-24","19","2567","135.1","4","5","80.6"
"2","9","2026-08-26","24","3351","139.7","4","5","84.4"
"3","11","2026-05-30","20","1359","68","4","5","86.9"
"3","24","2026-05-31","20","1489","74.5","5","5","100"
"3","24","2026-06-02","11","731","66.5","5","5","96.8"
"3","5","2026-06-07","20","1537","76.9","4","5","89.8"
"3","24","2026-06-08","16","1213","75.9","4","5","85.5"
"3","11","2026-06-09","15","1224","81.6","4","5","89.8"
"3","11","2026-06-10","25","2019","80.8","5","5","95.8"
"3","24","2026-06-12","19","1477","77.8","4","5","83.9"
"3","11","2026-06-16","25","1784","71.4","5","5","94.2"
"3","11","2026-06-17","25","1934","77.4","5","5","91.2"
"3","5","2026-06-21","13","979","75.4","5","5","90.2"
"3","5","2026-06-22","18","1387","77.1","5","5","90.7"
"3","5","2026-06-25","21","1582","75.3","5","5","91.2"
"3","5","2026-06-27","20","1576","78.8","5","5","91.4"
"3","5","2026-06-28","22","1774","80.7","5","5","91.7"
"3","11","2026-06-29","15","1163","77.5","4","5","87.1"
"3","5","2026-07-04","10","779","78","5","5","93.2"
"3","24","2026-07-14","18","1524","84.7","4","5","82.5"
"3","5","2026-07-17","11","899","81.8","5","5","94.5"
"3","5","2026-07-18","23","1764","76.7","5","5","94.4"
"3","5","2026-07-19","13","1116","85.9","4","5","89.2"
"3","11","2026-07-24","14","1211","86.5","5","5","97.3"
"3","11","2026-07-27","22","1799","81.8","5","5","96"
"3","24","2026-07-29","12","1015","84.6","5","5","90.2"
"3","11","2026-07-30","23","2123","92.3","5","5","95"
"3","5","2026-07-31","12","999","83.3","5","5","92.1"
"3","5","2026-08-01","17","1479","87","4","5","83.5"
"3","5","2026-08-02","16","1475","92.2","5","5","99.6"
"3","11","2026-08-04","18","1497","83.2","5","5","97.2"
"3","24","2026-08-08","24","2229","92.9","5","5","98.1"
"3","5","2026-08-11","23","1862","81","4","5","88.1"
"3","11","2026-08-13","13","1139","87.7","5","5","100"
"3","24","2026-08-15","13","1150","88.5","4","5","88.8"
"3","11","2026-08-19","23","1981","86.2","5","5","96.3"
"3","11","2026-08-21","10","853","85.3","5","5","95.7"
"3","24","2026-08-22","23","2067","89.9","5","5","100"
"3","5","2026-08-24","14","1279","91.4","5","5","100"
"3","11","2026-08-26","11","1011","92","5","5","92.7"
"4","24","2026-05-30","20","1600","80","4","5","73.9"
"4","10","2026-06-02","14","1123","80.2","4","5","74.7"
"4","10","2026-06-06","23","2017","87.7","4","5","82.7"
"4","3","2026-06-07","15","1342","89.5","4","5","78.5"
"4","3","2026-06-08","15","1293","86.2","4","5","80.4"
"4","10","2026-06-09","19","1651","86.9","4","5","82.8"
"4","24","2026-06-10","10","854","85.4","4","5","75"
"4","10","2026-06-11","10","832","83.3","4","5","79.6"
"4","10","2026-06-12","20","1664","83.2","4","5","84.5"
"4","10","2026-06-21","22","1800","81.8","4","5","83"
"4","10","2026-06-22","13","1124","86.5","4","5","74.4"
"4","3","2026-06-24","10","888","88.9","5","5","93.4"
"4","10","2026-06-26","21","1757","83.7","4","5","85.6"
"4","3","2026-06-30","18","1671","92.9","4","5","71.2"
"4","10","2026-07-01","24","2101","87.6","4","5","77.2"
"4","3","2026-07-02","17","1514","89.1","4","5","83"
"4","10","2026-07-03","23","1983","86.2","4","5","78.2"
"4","3","2026-07-05","16","1393","87.1","4","5","79"
"4","3","2026-07-06","20","1836","91.8","4","5","74.1"
"4","24","2026-07-09","15","1337","89.2","4","5","75.4"
"4","10","2026-07-10","16","1397","87.4","4","5","84.4"
"4","10","2026-07-12","18","1521","84.5","4","5","83.7"
"4","24","2026-07-15","23","2017","87.7","4","5","75.5"
"4","24","2026-07-19","24","2166","90.3","4","5","84.8"
"4","10","2026-07-21","20","1972","98.6","5","5","92.7"
"4","24","2026-07-25","12","1139","95","4","5","87.5"
"4","10","2026-07-27","21","1981","94.3","4","5","77.6"
"4","10","2026-07-28","14","1391","99.4","4","5","84.6"
"4","3","2026-07-29","24","2310","96.3","4","5","73.5"
"4","24","2026-08-01","13","1236","95.1","4","5","85.3"
"4","24","2026-08-05","12","1138","94.9","5","5","99.1"
"4","3","2026-08-06","22","2024","92","4","5","85.1"
"4","24","2026-08-11","20","2018","100.9","4","5","78.6"
"4","10","2026-08-13","16","1553","97.1","4","5","89.6"
"4","3","2026-08-16","22","2244","102","5","5","92.7"
"4","3","2026-08-25","25","2614","104.6","5","5","97.2"
"4","24","2026-08-26","24","2611","108.8","4","5","86"
"4","10","2026-08-27","22","2304","104.8","4","5","87"
"5","8","2026-06-03","15","1160","77.3","4","5","75.2"
"5","8","2026-06-04","13","945","72.7","3","5","69.6"
"5","8","2026-06-06","16","1218","76.1","4","5","72.4"
"5","8","2026-06-07","24","1975","82.3","4","5","71.1"
"5","3","2026-06-12","23","1801","78.3","4","5","84"
"5","3","2026-06-13","23","1729","75.2","4","5","73.6"
"5","8","2026-06-14","20","1589","79.5","4","5","76.2"
"5","8","2026-06-24","16","1291","80.7","4","5","73.3"
"5","8","2026-06-25","21","1716","81.8","4","5","71"
"5","3","2026-06-26","25","2140","85.6","4","5","74.2"
"5","8","2026-06-27","20","1821","91.1","4","5","75.5"
"5","3","2026-06-28","16","1511","94.5","4","5","73.5"
"5","3","2026-07-01","24","2108","87.8","4","5","70.9"
"5","8","2026-07-02","19","1660","87.4","4","5","74"
"5","3","2026-07-06","22","1935","88","4","5","72.5"
"5","3","2026-07-08","24","2064","86","4","5","72.6"
"5","3","2026-07-10","10","867","86.8","4","5","74.3"
"5","3","2026-07-15","17","1516","89.2","4","5","72.5"
"5","3","2026-07-16","25","2270","90.8","4","5","75.1"
"5","3","2026-07-20","23","2241","97.4","4","5","75.4"
"5","8","2026-07-26","10","1021","102.1","4","5","75.4"
"5","3","2026-07-27","16","1481","92.6","4","5","73.3"
"5","8","2026-07-28","13","1267","97.5","4","5","77.8"
"5","3","2026-08-04","21","2025","96.5","4","5","77.4"
"5","3","2026-08-05","24","2238","93.3","4","5","75.8"
"5","3","2026-08-06","12","1195","99.6","4","5","81.5"
"5","8","2026-08-07","20","2192","109.6","4","5","82.1"
"5","3","2026-08-08","10","1050","105.1","4","5","77.7"
"5","3","2026-08-09","12","1284","107.1","4","5","75.8"
"5","3","2026-08-11","14","1351","96.5","4","5","73.5"
"5","8","2026-08-12","15","1596","106.4","4","5","80.9"
"5","8","2026-08-14","17","1823","107.3","4","5","88.1"
"5","8","2026-08-17","15","1627","108.5","4","5","86.7"
"5","8","2026-08-18","13","1501","115.5","4","5","82.5"
"5","3","2026-08-19","16","1633","102.1","4","5","86.6"
"5","8","2026-08-21","12","1239","103.3","4","5","85.3"
"5","3","2026-08-23","13","1329","102.3","4","5","87.1"
"5","8","2026-08-26","10","1078","107.9","4","5","73.8"
"6","20","2026-06-03","13","973","74.9","5","5","90.7"
"6","20","2026-06-05","15","945","63","4","5","86.5"
"6","1","2026-06-07","18","1254","69.7","5","5","90.3"
"6","20","2026-06-10","13","923","71","4","5","86.3"
"6","20","2026-06-11","19","1279","67.4","4","5","87.9"
"6","1","2026-06-12","20","1400","70","4","5","88"
"6","20","2026-06-13","22","1654","75.2","5","5","91.7"
"6","19","2026-06-16","20","1532","76.6","4","5","86.8"
"6","19","2026-06-20","22","1641","74.6","4","5","82.9"
"6","19","2026-06-23","15","1217","81.2","4","5","88.7"
"6","1","2026-06-26","18","1426","79.3","4","5","83.4"
"6","1","2026-06-28","15","1227","81.8","4","5","89.9"
"6","19","2026-06-29","12","985","82.2","5","5","92.6"
"6","19","2026-06-30","17","1415","83.3","4","5","88.3"
"6","20","2026-07-04","17","1363","80.2","5","5","96.3"
"6","19","2026-07-07","12","926","77.2","5","5","90.7"
"6","19","2026-07-10","18","1388","77.1","5","5","91.1"
"6","20","2026-07-12","16","1409","88.1","4","5","80.9"
"6","20","2026-07-13","19","1615","85","4","5","89.5"
"6","1","2026-07-19","16","1206","75.4","4","5","89"
"6","1","2026-07-20","20","1551","77.6","5","5","94.4"
"6","19","2026-07-21","25","2224","89","5","5","94.9"
"6","19","2026-07-25","12","967","80.6","5","5","92.2"
"6","19","2026-07-26","14","1240","88.6","5","5","100"
"6","1","2026-07-27","12","974","81.2","5","5","90.8"
"6","19","2026-07-30","12","1057","88.1","5","5","90.7"
"6","1","2026-07-31","16","1395","87.2","5","5","95.9"
"6","19","2026-08-02","17","1383","81.4","5","5","92.4"
"6","20","2026-08-09","24","2083","86.8","4","5","81.9"
"6","1","2026-08-10","18","1464","81.4","5","5","92.9"
"6","1","2026-08-11","19","1703","89.6","5","5","93.3"
"6","19","2026-08-13","19","1625","85.5","5","5","99.6"
"6","19","2026-08-15","13","1155","88.9","5","5","92.5"
"6","20","2026-08-17","18","1653","91.9","5","5","96.5"
"6","1","2026-08-18","16","1479","92.5","4","5","88.9"
"6","20","2026-08-20","18","1643","91.3","5","5","100"
"6","19","2026-08-21","11","1048","95.3","5","5","99"
"6","20","2026-08-27","22","2049","93.2","5","5","100"
"7","23","2026-05-31","21","1628","77.6","4","5","70.6"
"7","2","2026-06-05","14","1086","77.6","4","5","75.5"
"7","23","2026-06-09","17","1243","73.1","4","5","70.3"
"7","2","2026-06-10","13","973","74.9","3","5","60.9"
"7","17","2026-06-11","17","1243","73.2","4","5","75.8"
"7","23","2026-06-13","13","940","72.4","3","5","69.3"
"7","17","2026-06-14","18","1387","77.1","3","5","67.2"
"7","23","2026-06-17","19","1402","73.8","3","5","68.8"
"7","23","2026-06-19","23","1616","70.3","3","5","69.9"
"7","2","2026-06-20","25","1856","74.3","3","5","62.6"
"7","2","2026-06-21","20","1513","75.7","3","5","65.3"
"7","2","2026-06-24","18","1459","81.1","3","5","65.2"
"7","23","2026-06-26","23","1642","71.4","3","5","68.9"
"7","23","2026-06-27","21","1689","80.4","3","5","66.2"
"7","23","2026-06-28","17","1282","75.4","3","5","66.4"
"7","2","2026-06-29","14","1101","78.7","3","5","63.7"
"7","2","2026-07-05","21","1649","78.6","4","5","71.4"
"7","17","2026-07-07","21","1605","76.4","4","5","72.1"
"7","23","2026-07-08","12","894","74.6","3","5","62.4"
"7","17","2026-07-09","25","1852","74.1","4","5","70.4"
"7","23","2026-07-16","18","1349","75","3","5","64.5"
"7","23","2026-07-18","23","1724","75","4","5","73.4"
"7","17","2026-07-20","25","1774","71","3","5","68.4"
"7","23","2026-07-22","16","1182","73.9","3","5","60.6"
"7","2","2026-07-23","16","1212","75.8","4","5","73.4"
"7","17","2026-07-24","13","955","73.5","4","5","70"
"7","17","2026-07-27","13","957","73.6","3","5","69.4"
"7","2","2026-07-29","22","1677","76.3","4","5","75.1"
"7","17","2026-08-05","11","881","80.1","4","5","71.2"
"7","17","2026-08-06","10","797","79.7","3","5","57.6"
"7","2","2026-08-07","14","1118","79.9","4","5","71.4"
"7","2","2026-08-10","18","1486","82.6","3","5","63.8"
"7","17","2026-08-12","23","1815","78.9","4","5","74.1"
"7","2","2026-08-15","15","1156","77.1","3","5","70"
"7","2","2026-08-16","11","822","74.8","4","5","70.3"
"7","17","2026-08-17","10","740","74.1","3","5","66.1"
"7","23","2026-08-19","20","1531","76.6","3","5","63.4"
"7","17","2026-08-20","17","1321","77.7","3","5","67.7"
"8","14","2026-05-30","21","2338","111.4","4","5","87.4"
"8","23","2026-05-31","24","2518","104.9","4","5","85.1"
"8","15","2026-06-05","15","1688","112.6","4","5","80.7"
"8","14","2026-06-07","16","1777","111.1","4","5","71.8"
"8","15","2026-06-13","10","1103","110.3","4","5","78.4"
"8","23","2026-06-14","16","1779","111.2","4","5","81.1"
"8","23","2026-06-15","10","1176","117.6","4","5","80.5"
"8","15","2026-06-19","10","1143","114.3","4","5","80.1"
"8","15","2026-06-21","15","1670","111.3","4","5","83.2"
"8","23","2026-06-22","19","2162","113.8","4","5","79"
"8","14","2026-06-24","15","1709","114","4","5","77"
"8","15","2026-06-25","23","2626","114.2","4","5","78.5"
"8","14","2026-06-26","24","2627","109.5","5","5","90.8"
"8","14","2026-07-04","10","1142","114.2","4","5","81.4"
"8","23","2026-07-08","25","2596","103.9","4","5","83.9"
"8","15","2026-07-13","18","1942","107.9","4","5","83.7"
"8","15","2026-07-16","10","1060","106.1","4","5","78.7"
"8","15","2026-07-20","25","2794","111.8","4","5","82.2"
"8","14","2026-07-21","20","2331","116.6","4","5","82.3"
"8","23","2026-07-22","22","2531","115.1","4","5","73.8"
"8","15","2026-07-23","14","1522","108.8","4","5","79.8"
"8","14","2026-07-25","12","1341","111.8","4","5","80"
"8","15","2026-07-27","12","1325","110.5","4","5","76"
"8","14","2026-07-29","16","1720","107.5","4","5","84.7"
"8","15","2026-08-01","17","1865","109.7","4","5","78.7"
"8","23","2026-08-04","16","1798","112.4","4","5","79.9"
"8","14","2026-08-05","20","2104","105.2","4","5","73.6"
"8","15","2026-08-07","23","2466","107.3","4","5","75.7"
"8","14","2026-08-09","10","1102","110.3","4","5","76.4"
"8","14","2026-08-10","22","2388","108.6","4","5","82.5"
"8","23","2026-08-13","18","1979","110","4","5","83.5"
"8","15","2026-08-14","15","1645","109.7","4","5","77.3"
"8","15","2026-08-15","18","1952","108.5","4","5","80.4"
"8","23","2026-08-19","18","1939","107.7","4","5","81.3"
"8","15","2026-08-20","13","1471","113.2","4","5","77.3"
"8","15","2026-08-24","14","1556","111.1","4","5","81.4"
"8","15","2026-08-25","20","2133","106.7","4","5","71.1"
"8","15","2026-08-26","12","1311","109.3","4","5","81.8"
"9","23","2026-06-03","18","1954","108.6","4","5","85"
"9","23","2026-06-05","15","1632","108.8","4","5","76.7"
"9","9","2026-06-11","22","2404","109.3","4","5","76.3"
"9","9","2026-06-12","19","2043","107.6","4","5","83.1"
"9","23","2026-06-15","18","2111","117.3","4","5","87.8"
"9","1","2026-06-17","10","1115","111.5","4","5","89.8"
"9","1","2026-06-21","13","1552","119.4","4","5","78.3"
"9","9","2026-06-22","14","1618","115.6","4","5","82.3"
"9","23","2026-06-24","16","1773","110.8","4","5","76.6"
"9","23","2026-06-26","25","3090","123.6","4","5","76.4"
"9","1","2026-06-29","10","1144","114.5","4","5","82.4"
"9","9","2026-06-30","24","2690","112.1","4","5","80.8"
"9","1","2026-07-02","21","2495","118.8","4","5","76.4"
"9","9","2026-07-04","21","2644","125.9","4","5","81.3"
"9","9","2026-07-06","25","3057","122.3","4","5","80.5"
"9","9","2026-07-12","17","2194","129.1","4","5","80.2"
"9","23","2026-07-18","19","2387","125.7","4","5","88.8"
"9","9","2026-07-22","24","3121","130.1","4","5","85.6"
"9","1","2026-07-23","21","2614","124.5","4","5","87.6"
"9","23","2026-07-25","19","2454","129.2","4","5","84.3"
"9","9","2026-08-02","11","1509","137.3","4","5","89.5"
"9","1","2026-08-03","13","1665","128.1","4","5","84.9"
"9","1","2026-08-04","21","2679","127.6","4","5","87.6"
"9","23","2026-08-05","18","2356","130.9","4","5","83.9"
"9","1","2026-08-06","14","1779","127.1","5","5","92.1"
"9","1","2026-08-08","16","2175","135.9","4","5","89.1"
"9","1","2026-08-11","14","1911","136.5","5","5","93.9"
"9","9","2026-08-12","10","1366","136.7","4","5","88"
"9","9","2026-08-13","17","2254","132.6","4","5","88.3"
"9","23","2026-08-14","17","2416","142.2","4","5","81.5"
"9","23","2026-08-15","22","2906","132.1","5","5","90.2"
"9","1","2026-08-17","20","2705","135.3","4","5","88"
"9","1","2026-08-18","19","2744","144.5","5","5","90.5"
"9","9","2026-08-19","16","2223","139","4","5","88.9"
"9","9","2026-08-20","23","3121","135.7","4","5","80.8"
"9","9","2026-08-22","25","3423","137","4","5","90"
"9","23","2026-08-23","19","2752","144.9","4","5","87.7"
"9","9","2026-08-27","16","2285","142.8","5","5","90.2"
"10","11","2026-05-30","16","1078","67.4","5","5","91.5"
"10","22","2026-05-31","17","1327","78.1","4","5","89.2"
"10","11","2026-06-01","23","1835","79.8","4","5","87.2"
"10","22","2026-06-02","10","682","68.2","4","5","86.3"
"10","21","2026-06-03","23","1564","68","5","5","90.9"
"10","21","2026-06-04","23","1863","81","4","5","82"
"10","22","2026-06-05","22","1711","77.8","5","5","94.6"
"10","22","2026-06-06","25","1600","64","5","5","95.6"
"10","22","2026-06-08","21","1689","80.5","4","5","82.2"
"10","22","2026-06-10","11","803","73","4","5","83.9"
"10","11","2026-06-20","25","1894","75.8","4","5","85.5"
"10","11","2026-06-21","15","1210","80.7","4","5","81.9"
"10","21","2026-06-22","10","790","79.1","5","5","93.6"
"10","22","2026-06-23","22","1683","76.5","4","5","87"
"10","22","2026-06-24","20","1559","78","4","5","84"
"10","11","2026-06-26","11","898","81.7","4","5","85.6"
"10","11","2026-06-27","10","802","80.2","4","5","87.2"
"10","11","2026-07-03","11","891","81","4","5","87.3"
"10","22","2026-07-04","18","1499","83.3","4","5","89.7"
"10","11","2026-07-06","12","1033","86.1","5","5","90.4"
"10","21","2026-07-07","22","1858","84.5","5","5","92.7"
"10","11","2026-07-08","24","2053","85.6","5","5","96.9"
"10","22","2026-07-10","24","2064","86","5","5","96.6"
"10","21","2026-07-12","23","2018","87.8","5","5","96.4"
"10","22","2026-07-14","12","1074","89.5","5","5","90.5"
"10","22","2026-07-15","23","1901","82.7","4","5","87.3"
"10","21","2026-07-22","19","1863","98.1","5","5","100"
"10","22","2026-07-23","15","1442","96.1","5","5","100"
"10","22","2026-07-29","16","1374","85.9","4","5","88.4"
"10","22","2026-07-30","22","1938","88.1","5","5","91"
"10","11","2026-07-31","15","1419","94.6","5","5","95.7"
"10","22","2026-08-04","23","2106","91.6","5","5","100"
"10","21","2026-08-11","14","1389","99.2","5","5","93.6"
"10","21","2026-08-12","12","1184","98.7","5","5","94"
"10","22","2026-08-17","14","1271","90.8","5","5","95.2"
"10","22","2026-08-21","12","1244","103.7","5","5","100"
"10","11","2026-08-23","20","1962","98.1","5","5","99.3"
"10","22","2026-08-24","11","1096","99.7","5","5","100"
"11","24","2026-05-30","16","1415","88.5","4","5","72.4"
"11","12","2026-05-31","14","1322","94.5","4","5","77.2"
"11","12","2026-06-01","17","1490","87.7","3","5","68.3"
"11","24","2026-06-02","17","1509","88.8","4","5","73.8"
"11","20","2026-06-04","10","899","90","4","5","75.5"
"11","20","2026-06-05","17","1487","87.5","4","5","79.6"
"11","24","2026-06-10","23","1934","84.1","4","5","75.1"
"11","12","2026-06-15","23","1939","84.3","4","5","78.6"
"11","20","2026-06-20","19","1657","87.2","4","5","71.6"
"11","24","2026-06-23","23","1998","86.9","4","5","76.6"
"11","24","2026-06-24","21","1840","87.6","3","5","69.2"
"11","20","2026-06-25","21","1838","87.5","4","5","75.3"
"11","12","2026-06-26","14","1179","84.2","4","5","75.9"
"11","24","2026-06-29","11","982","89.3","4","5","84.7"
"11","24","2026-06-30","11","960","87.3","3","5","59.6"
"11","24","2026-07-02","15","1351","90.1","4","5","80.9"
"11","20","2026-07-04","11","937","85.2","4","5","79.4"
"11","20","2026-07-05","16","1426","89.2","3","5","68.3"
"11","24","2026-07-08","14","1220","87.2","4","5","73.2"
"11","24","2026-07-14","10","882","88.3","4","5","70.9"
"11","12","2026-07-18","19","1703","89.7","4","5","73.3"
"11","20","2026-07-25","10","866","86.7","4","5","75.4"
"11","24","2026-07-26","18","1623","90.2","4","5","75.5"
"11","20","2026-07-27","23","2000","87","4","5","74.6"
"11","24","2026-07-29","11","1017","92.5","4","5","77.2"
"11","20","2026-07-30","22","1794","81.6","4","5","74.5"
"11","12","2026-08-01","14","1231","88","4","5","73.4"
"11","12","2026-08-03","22","1980","90","4","5","77.6"
"11","20","2026-08-06","18","1578","87.7","4","5","75.8"
"11","24","2026-08-07","13","1159","89.2","4","5","73.5"
"11","12","2026-08-08","12","1082","90.2","3","5","69.3"
"11","24","2026-08-09","23","2104","91.5","4","5","70.7"
"11","20","2026-08-10","22","1934","87.9","3","5","69.2"
"11","12","2026-08-17","25","2205","88.2","4","5","77"
"11","20","2026-08-18","22","1901","86.4","3","5","69.5"
"11","24","2026-08-19","23","2072","90.1","4","5","76.1"
"11","24","2026-08-20","12","989","82.4","4","5","74.1"
"11","12","2026-08-23","20","1848","92.4","3","5","69.3"
"12","19","2026-05-30","14","1360","97.2","3","5","65"
"12","18","2026-06-02","15","1544","103","3","5","66.6"
"12","18","2026-06-04","18","1586","88.2","3","5","69.6"
"12","22","2026-06-06","23","2325","101.1","3","5","63.5"
"12","19","2026-06-07","18","1894","105.2","4","5","73.3"
"12","18","2026-06-08","23","2228","96.9","3","5","66"
"12","19","2026-06-10","24","2421","100.9","3","5","63.2"
"12","19","2026-06-12","14","1221","87.2","3","5","67"
"12","19","2026-06-16","14","1405","100.4","3","5","67.5"
"12","18","2026-06-17","22","1778","80.8","3","5","63.8"
"12","22","2026-06-18","23","2337","101.6","4","5","74.9"
"12","18","2026-06-20","15","1665","111","3","5","64.9"
"12","19","2026-06-22","11","930","84.6","4","5","72.2"
"12","18","2026-06-24","17","1862","109.6","4","5","75.1"
"12","22","2026-06-28","24","1818","75.8","3","5","64.7"
"12","18","2026-07-03","21","2022","96.3","4","5","71.4"
"12","22","2026-07-04","21","1829","87.1","3","5","64.2"
"12","22","2026-07-05","25","2664","106.6","4","5","76.4"
"12","22","2026-07-07","13","1262","97.1","4","5","72.5"
"12","19","2026-07-11","18","1515","84.2","3","5","69.6"
"12","18","2026-07-13","13","1460","112.4","3","5","68.9"
"12","18","2026-07-16","25","2280","91.2","4","5","71.3"
"12","22","2026-07-20","15","1497","99.8","3","5","69.1"
"12","19","2026-07-21","14","997","71.3","3","5","63.9"
"12","22","2026-07-29","25","2198","87.9","4","5","80.6"
"12","18","2026-08-01","12","989","82.5","4","5","74.4"
"12","18","2026-08-06","23","2327","101.2","3","5","69.1"
"12","22","2026-08-07","13","1201","92.4","4","5","75.2"
"12","18","2026-08-10","21","1799","85.7","4","5","82"
"12","19","2026-08-11","20","1687","84.4","4","5","77.3"
"12","18","2026-08-17","23","2228","96.9","4","5","71.5"
"12","19","2026-08-18","12","1164","97.1","4","5","78.4"
"12","19","2026-08-19","18","1844","102.5","3","5","68.5"
"12","18","2026-08-20","23","2029","88.3","3","5","68.2"
"12","19","2026-08-22","21","1974","94","4","5","70.7"
"12","22","2026-08-23","19","1814","95.5","3","5","69.9"
"12","19","2026-08-25","11","733","66.7","4","5","75.3"
"12","19","2026-08-27","20","1704","85.2","4","5","76.2"
"13","16","2026-05-31","10","835","83.5","3","5","60.6"
"13","12","2026-06-02","20","1669","83.5","3","5","63.3"
"13","24","2026-06-03","24","2145","89.4","3","5","66.9"
"13","12","2026-06-06","17","1444","84.9","3","5","63.1"
"13","16","2026-06-08","12","1016","84.7","3","5","60.5"
"13","12","2026-06-10","12","1123","93.6","3","5","63.9"
"13","24","2026-06-12","11","932","84.7","3","5","61"
"13","16","2026-06-16","22","1766","80.3","3","5","63"
"13","12","2026-06-18","23","1983","86.3","4","5","72.5"
"13","16","2026-06-20","10","910","91","3","5","63"
"13","12","2026-06-28","10","987","98.8","4","5","70.6"
"13","24","2026-06-29","16","1294","80.9","4","5","71.6"
"13","16","2026-07-01","22","1968","89.5","4","5","71.2"
"13","24","2026-07-04","17","1626","95.7","3","5","69.1"
"13","24","2026-07-07","25","2352","94.1","4","5","70.6"
"13","24","2026-07-09","17","1559","91.8","3","5","65.9"
"13","24","2026-07-10","15","1365","91.1","4","5","72.7"
"13","24","2026-07-13","12","1060","88.4","4","5","79.8"
"13","24","2026-07-18","25","2487","99.5","3","5","67.8"
"13","16","2026-07-20","22","2326","105.7","4","5","71.8"
"13","12","2026-07-22","14","1292","92.3","4","5","72.5"
"13","16","2026-07-23","23","2298","99.9","3","5","60.3"
"13","12","2026-07-26","23","2372","103.2","4","5","76.2"
"13","12","2026-07-28","14","1434","102.5","4","5","77.9"
"13","16","2026-07-29","11","1094","99.5","3","5","63"
"13","24","2026-07-30","18","1855","103.1","4","5","73.5"
"13","12","2026-08-01","10","983","98.3","3","5","69.7"
"13","12","2026-08-02","21","2157","102.8","3","5","68.6"
"13","12","2026-08-05","17","1748","102.9","4","5","76.3"
"13","24","2026-08-07","17","1719","101.2","4","5","73.2"
"13","24","2026-08-08","10","1075","107.6","3","5","68.6"
"13","12","2026-08-13","22","2484","112.9","4","5","78"
"13","16","2026-08-16","14","1499","107.1","4","5","79.9"
"13","12","2026-08-19","19","2092","110.1","4","5","74.1"
"13","24","2026-08-20","10","1126","112.6","4","5","77.9"
"13","24","2026-08-22","25","2714","108.6","3","5","69.5"
"13","16","2026-08-25","23","2650","115.2","4","5","79.2"
"13","12","2026-08-27","24","2775","115.6","4","5","79.4"
"14","3","2026-05-31","21","2187","104.2","3","5","54.2"
"14","3","2026-06-01","19","1836","96.7","4","5","70.2"
"14","12","2026-06-04","18","1882","104.6","3","5","66.8"
"14","9","2026-06-09","15","1416","94.4","3","5","65.4"
"14","12","2026-06-14","24","2495","104","3","5","66.9"
"14","9","2026-06-17","13","1308","100.6","3","5","66.6"
"14","12","2026-06-23","15","1522","101.5","3","5","69.1"
"14","9","2026-06-26","24","2315","96.5","4","5","71.2"
"14","3","2026-06-29","19","1685","88.7","3","5","59.8"
"14","9","2026-06-30","18","1663","92.4","4","5","71.4"
"14","3","2026-07-01","15","1445","96.4","3","5","60.7"
"14","9","2026-07-05","10","957","95.7","3","5","62.3"
"14","3","2026-07-10","17","1579","92.9","3","5","59.4"
"14","12","2026-07-11","16","1441","90.1","3","5","64"
"14","3","2026-07-12","11","1044","94.9","3","5","67.6"
"14","3","2026-07-18","25","2205","88.2","4","5","70.7"
"14","3","2026-07-21","11","1038","94.4","4","5","70.6"
"14","12","2026-07-22","22","2068","94","3","5","61.5"
"14","3","2026-07-23","12","1154","96.2","3","5","64.5"
"14","9","2026-07-25","20","1890","94.5","3","5","56.9"
"14","3","2026-07-26","23","2078","90.4","3","5","57.1"
"14","12","2026-07-27","20","1895","94.8","3","5","56.4"
"14","3","2026-07-28","19","1673","88.1","3","5","51.6"
"14","12","2026-07-29","15","1407","93.9","3","5","54.4"
"14","12","2026-07-31","17","1483","87.2","3","5","68.3"
"14","12","2026-08-04","19","1660","87.4","3","5","52.1"
"14","3","2026-08-05","17","1469","86.5","3","5","55.6"
"14","12","2026-08-08","14","1284","91.7","3","5","63.6"
"14","3","2026-08-11","13","1174","90.4","3","5","57.5"
"14","12","2026-08-13","18","1571","87.3","3","5","57.3"
"14","9","2026-08-15","13","1192","91.8","3","5","60.9"
"14","9","2026-08-16","21","1591","75.8","3","5","61.9"
"14","9","2026-08-18","12","919","76.6","3","5","60.7"
"14","9","2026-08-19","23","2017","87.7","3","5","61.9"
"14","9","2026-08-21","22","1873","85.2","3","5","52.4"
"14","3","2026-08-23","21","1850","88.1","3","5","54.6"
"14","9","2026-08-24","16","1314","82.1","3","5","65.9"
"14","3","2026-08-25","18","1505","83.7","3","5","51"
"15","5","2026-06-02","12","1282","106.9","4","5","80.4"
"15","14","2026-06-05","10","1100","110","4","5","81"
"15","5","2026-06-07","19","2183","114.9","4","5","73.1"
"15","14","2026-06-12","15","1731","115.5","4","5","77.2"
"15","14","2026-06-13","17","1847","108.7","4","5","76.2"
"15","10","2026-06-14","16","1785","111.6","4","5","74.5"
"15","10","2026-06-18","21","2349","111.9","4","5","75"
"15","10","2026-06-21","16","1859","116.2","3","5","69.6"
"15","5","2026-06-23","11","1196","108.8","4","5","81.3"
"15","10","2026-06-24","14","1751","125.1","4","5","76.5"
"15","10","2026-07-03","14","1509","107.8","4","5","80.8"
"15","10","2026-07-05","16","1873","117.1","4","5","79.1"
"15","10","2026-07-06","24","2870","119.6","4","5","73.7"
"15","14","2026-07-10","11","1336","121.5","4","5","79.6"
"15","5","2026-07-12","22","2797","127.1","4","5","76.7"
"15","5","2026-07-13","17","2005","118","4","5","83.9"
"15","10","2026-07-14","20","2520","126","4","5","72.7"
"15","5","2026-07-17","11","1376","125.1","4","5","73.3"
"15","5","2026-07-24","24","3129","130.4","5","5","93.2"
"15","5","2026-07-25","24","2964","123.5","4","5","74.9"
"15","10","2026-07-26","11","1378","125.3","4","5","79.3"
"15","10","2026-07-27","13","1615","124.3","4","5","82.3"
"15","10","2026-07-30","11","1416","128.8","4","5","77.9"
"15","5","2026-07-31","13","1694","130.3","4","5","78.9"
"15","10","2026-08-02","15","1972","131.5","4","5","83.1"
"15","5","2026-08-04","11","1425","129.6","4","5","82.9"
"15","5","2026-08-05","10","1334","133.5","5","5","97.9"
"15","10","2026-08-06","23","3098","134.7","4","5","81.4"
"15","5","2026-08-08","10","1304","130.5","4","5","80.2"
"15","10","2026-08-11","21","2845","135.5","4","5","87.1"
"15","5","2026-08-12","15","1985","132.4","4","5","81.1"
"15","10","2026-08-19","18","2512","139.6","4","5","86.3"
"15","5","2026-08-21","15","2109","140.6","4","5","82.1"
"15","5","2026-08-22","25","3513","140.6","4","5","87.6"
"15","10","2026-08-23","10","1461","146.2","4","5","88.4"
"15","14","2026-08-24","24","3351","139.6","5","5","98.4"
"15","5","2026-08-25","17","2451","144.2","5","5","91.8"
"15","5","2026-08-27","25","3607","144.3","5","5","94.4"
"16","16","2026-05-30","22","1795","81.6","3","5","67.4"
"16","17","2026-06-02","19","1606","84.5","4","5","70.7"
"16","17","2026-06-05","11","892","81.1","4","5","76.4"
"16","3","2026-06-07","13","1066","82.1","4","5","78.4"
"16","17","2026-06-08","15","1184","79","4","5","74.4"
"16","3","2026-06-09","14","1120","80","3","5","62.8"
"16","16","2026-06-12","21","1720","81.9","4","5","73.6"
"16","3","2026-06-13","11","895","81.4","4","5","70.1"
"16","16","2026-06-14","13","1016","78.2","4","5","79.4"
"16","17","2026-06-15","22","1832","83.3","3","5","67"
"16","17","2026-06-18","25","2008","80.4","4","5","84.9"
"16","17","2026-06-21","17","1346","79.2","4","5","73.3"
"16","16","2026-06-22","15","1247","83.2","4","5","78.6"
"16","17","2026-06-24","21","1845","87.9","4","5","77.6"
"16","17","2026-06-28","11","913","83","4","5","73"
"16","3","2026-06-29","21","1834","87.3","4","5","79.6"
"16","17","2026-07-02","22","1884","85.7","4","5","73.7"
"16","17","2026-07-03","16","1342","83.9","4","5","72"
"16","16","2026-07-08","17","1472","86.6","4","5","82.7"
"16","16","2026-07-11","15","1276","85.1","4","5","82.4"
"16","16","2026-07-27","10","826","82.6","3","5","63.5"
"16","3","2026-07-29","20","1668","83.4","4","5","73.4"
"16","16","2026-07-30","22","1901","86.4","4","5","70.9"
"16","3","2026-08-03","15","1259","84","3","5","69.1"
"16","16","2026-08-05","25","1985","79.4","4","5","74.8"
"16","16","2026-08-08","16","1334","83.4","4","5","72.8"
"16","3","2026-08-10","23","1938","84.3","4","5","78.5"
"16","16","2026-08-11","19","1509","79.5","4","5","75.4"
"16","3","2026-08-13","18","1433","79.7","4","5","75.8"
"16","3","2026-08-14","10","858","85.9","4","5","71.3"
"16","3","2026-08-15","16","1322","82.7","4","5","70.5"
"16","17","2026-08-17","20","1672","83.6","4","5","76.8"
"16","3","2026-08-19","18","1487","82.7","3","5","63.4"
"16","16","2026-08-23","18","1512","84","4","5","78.3"
"16","17","2026-08-24","11","886","80.6","4","5","75.5"
"16","17","2026-08-25","17","1417","83.4","4","5","73.7"
"16","17","2026-08-26","10","818","81.8","4","5","74.8"
"16","17","2026-08-27","12","976","81.3","4","5","73.7"
"17","12","2026-06-02","13","1174","90.3","4","5","85.4"
"17","12","2026-06-08","22","1875","85.3","4","5","80.3"
"17","24","2026-06-10","22","2040","92.7","5","5","91.7"
"17","12","2026-06-14","24","2184","91","4","5","84.5"
"17","24","2026-06-15","15","1355","90.4","4","5","87.2"
"17","4","2026-06-16","15","1374","91.6","4","5","87.4"
"17","4","2026-06-18","25","2263","90.5","4","5","79.4"
"17","4","2026-06-19","20","1872","93.6","4","5","85.5"
"17","24","2026-06-21","19","1653","87","4","5","83.5"
"17","4","2026-06-22","14","1371","98","5","5","91.9"
"17","24","2026-06-25","20","1967","98.4","4","5","84.1"
"17","4","2026-07-01","10","976","97.7","5","5","95.2"
"17","24","2026-07-02","14","1405","100.4","5","5","92.2"
"17","12","2026-07-04","25","2393","95.7","4","5","87.5"
"17","12","2026-07-05","15","1414","94.3","4","5","88.7"
"17","24","2026-07-08","11","1070","97.3","4","5","81.1"
"17","12","2026-07-09","12","1177","98.1","4","5","84.2"
"17","12","2026-07-10","15","1501","100.1","5","5","92.3"
"17","4","2026-07-13","21","1938","92.3","4","5","88.1"
"17","12","2026-07-19","23","2063","89.7","4","5","89.3"
"17","12","2026-07-20","16","1505","94.1","5","5","92.3"
"17","12","2026-07-22","11","1050","95.5","5","5","92.5"
"17","12","2026-07-24","23","2329","101.3","5","5","91.9"
"17","4","2026-07-26","17","1610","94.7","5","5","92.2"
"17","24","2026-07-28","10","1009","101","5","5","91.3"
"17","4","2026-07-29","17","1711","100.7","5","5","97.3"
"17","24","2026-07-30","11","1150","104.6","5","5","96.9"
"17","4","2026-08-03","13","1340","103.1","5","5","91.8"
"17","4","2026-08-04","17","1760","103.5","4","5","88"
"17","24","2026-08-08","12","1231","102.7","5","5","91.6"
"17","24","2026-08-12","24","2503","104.3","5","5","91.8"
"17","24","2026-08-13","10","1062","106.2","5","5","94.9"
"17","4","2026-08-16","17","1901","111.9","4","5","87.8"
"17","4","2026-08-18","25","2459","98.4","4","5","83.9"
"17","24","2026-08-19","15","1576","105.1","5","5","94"
"17","4","2026-08-24","15","1685","112.4","5","5","98.2"
"17","12","2026-08-26","23","2391","104","4","5","86.3"
"17","24","2026-08-27","16","1729","108.1","5","5","92.6"
"18","9","2026-05-31","17","1235","72.7","4","5","86"
"18","15","2026-06-01","21","1418","67.6","4","5","74.8"
"18","15","2026-06-04","12","839","70","3","5","65.9"
"18","18","2026-06-07","19","1281","67.4","4","5","77.9"
"18","15","2026-06-08","22","2011","91.4","4","5","78.3"
"18","15","2026-06-09","23","1602","69.7","4","5","72.1"
"18","18","2026-06-12","19","1962","103.3","4","5","76.6"
"18","18","2026-06-19","15","1060","70.7","4","5","73.1"
"18","15","2026-06-21","18","1118","62.1","4","5","76.1"
"18","15","2026-06-22","14","895","64","4","5","77.1"
"18","15","2026-06-23","18","1294","71.9","4","5","75.7"
"18","15","2026-06-26","14","783","56","4","5","81.6"
"18","15","2026-06-29","15","1119","74.6","4","5","76.6"
"18","9","2026-07-01","13","846","65.1","4","5","74.7"
"18","9","2026-07-03","15","1075","71.7","4","5","82.2"
"18","9","2026-07-04","11","779","70.9","4","5","79.8"
"18","9","2026-07-08","18","1227","68.2","4","5","75.9"
"18","9","2026-07-09","16","929","58.1","4","5","83"
"18","18","2026-07-10","14","837","59.8","4","5","75.6"
"18","15","2026-07-12","19","1475","77.7","4","5","77.2"
"18","18","2026-07-15","11","931","84.7","4","5","79.9"
"18","18","2026-07-16","18","1015","56.4","4","5","83.5"
"18","18","2026-07-17","24","1739","72.5","4","5","72.4"
"18","9","2026-07-20","25","1801","72.1","4","5","80.9"
"18","15","2026-07-21","14","991","70.8","4","5","86.7"
"18","18","2026-07-23","17","1278","75.2","4","5","78.5"
"18","9","2026-07-24","24","1822","75.9","4","5","86.2"
"18","15","2026-07-26","22","1447","65.8","4","5","82.9"
"18","15","2026-08-01","18","1029","57.2","3","5","69.6"
"18","18","2026-08-05","11","819","74.5","4","5","78.7"
"18","9","2026-08-08","18","1563","86.9","4","5","74.4"
"18","15","2026-08-09","21","1529","72.9","4","5","85.4"
"18","9","2026-08-12","21","1899","90.4","4","5","80.6"
"18","9","2026-08-16","16","1555","97.2","4","5","72.1"
"18","18","2026-08-19","16","1341","83.8","4","5","77.7"
"18","18","2026-08-21","17","1178","69.3","3","5","69.6"
"18","18","2026-08-24","17","1188","69.9","4","5","73"
"18","9","2026-08-27","10","644","64.4","4","5","75.8"
"19","20","2026-05-30","14","907","64.9","4","5","71.7"
"19","20","2026-06-05","23","1405","61.1","4","5","71.6"
"19","20","2026-06-07","16","869","54.3","4","5","72"
"19","24","2026-06-08","14","651","46.5","4","5","82.7"
"19","12","2026-06-09","17","935","55","4","5","76.7"
"19","12","2026-06-10","18","809","45","4","5","76.1"
"19","12","2026-06-11","14","793","56.7","4","5","77.1"
"19","12","2026-06-15","15","812","54.2","4","5","73.5"
"19","20","2026-06-20","20","994","49.7","3","5","68.4"
"19","20","2026-06-21","11","550","50.1","4","5","75.5"
"19","12","2026-06-23","15","793","52.9","3","5","64.4"
"19","12","2026-06-26","16","759","47.5","3","5","64.7"
"19","12","2026-06-28","24","1256","52.4","4","5","76"
"19","20","2026-06-29","19","823","43.3","3","5","66.2"
"19","20","2026-07-01","16","765","47.8","3","5","65.8"
"19","20","2026-07-02","17","752","44.3","3","5","58.6"
"19","20","2026-07-05","24","1124","46.9","3","5","66.5"
"19","24","2026-07-07","20","669","33.5","3","5","63"
"19","12","2026-07-14","11","414","37.7","3","5","70"
"19","24","2026-07-18","17","810","47.7","3","5","61.1"
"19","24","2026-07-20","11","454","41.4","3","5","63.4"
"19","12","2026-07-21","14","638","45.6","3","5","58.6"
"19","12","2026-07-23","12","367","30.6","3","5","68.6"
"19","20","2026-07-24","13","482","37.1","3","5","69.7"
"19","24","2026-07-30","24","998","41.6","4","5","75.9"
"19","20","2026-07-31","12","474","39.5","3","5","57.5"
"19","20","2026-08-04","21","771","36.8","3","5","59.4"
"19","12","2026-08-07","10","379","38","3","5","68.8"
"19","20","2026-08-08","20","560","28","3","5","63.6"
"19","12","2026-08-10","15","531","35.4","3","5","63"
"19","20","2026-08-12","25","846","33.8","3","5","63.2"
"19","20","2026-08-13","19","614","32.4","3","5","63.1"
"19","24","2026-08-14","25","722","28.9","3","5","66.6"
"19","24","2026-08-16","17","581","34.2","3","5","55.6"
"19","12","2026-08-17","12","325","27.1","3","5","65"
"19","12","2026-08-21","16","417","26.1","3","5","58.5"
"19","12","2026-08-24","10","322","32.3","3","5","51.4"
"19","24","2026-08-26","23","530","23.1","3","5","67"
"20","16","2026-05-31","12","1070","89.2","4","5","82"
"20","18","2026-06-05","22","2042","92.8","4","5","78.8"
"20","16","2026-06-07","13","1239","95.4","4","5","77.7"
"20","18","2026-06-08","19","1717","90.4","4","5","77.6"
"20","3","2026-06-10","19","1702","89.6","4","5","74.1"
"20","18","2026-06-16","25","2504","100.2","4","5","84.6"
"20","3","2026-06-17","25","2490","99.6","4","5","81.2"
"20","3","2026-06-23","10","984","98.4","4","5","74.8"
"20","16","2026-06-26","24","2326","96.9","4","5","73.3"
"20","16","2026-06-28","18","1975","109.7","4","5","70.4"
"20","18","2026-06-29","16","1530","95.7","4","5","86.4"
"20","3","2026-06-30","10","1018","101.9","4","5","83.5"
"20","16","2026-07-03","15","1534","102.3","4","5","77.7"
"20","16","2026-07-05","16","1594","99.7","4","5","84"
"20","18","2026-07-08","15","1476","98.4","4","5","75.8"
"20","16","2026-07-09","12","1326","110.6","4","5","75.3"
"20","3","2026-07-15","13","1400","107.7","4","5","79"
"20","18","2026-07-16","12","1275","106.3","4","5","82.4"
"20","3","2026-07-20","20","2117","105.9","4","5","84.6"
"20","3","2026-07-21","10","1080","108.1","4","5","87"
"20","18","2026-07-25","11","1071","97.5","4","5","81.7"
"20","16","2026-07-31","13","1357","104.5","4","5","84.4"
"20","3","2026-08-04","16","1726","107.9","4","5","83.2"
"20","16","2026-08-05","22","2279","103.6","4","5","84.4"
"20","16","2026-08-07","12","1260","105","4","5","78.9"
"20","18","2026-08-08","21","2316","110.3","4","5","80.6"
"20","18","2026-08-09","13","1436","110.5","5","5","91.2"
"20","16","2026-08-10","12","1336","111.3","4","5","82.3"
"20","18","2026-08-12","22","2317","105.4","4","5","74.9"
"20","18","2026-08-13","23","2433","105.8","5","5","93.4"
"20","16","2026-08-14","15","1643","109.6","4","5","88.7"
"20","16","2026-08-16","22","2420","110","4","5","89.9"
"20","18","2026-08-17","10","996","99.7","5","5","90.6"
"20","3","2026-08-18","17","1805","106.2","5","5","91.6"
"20","3","2026-08-20","20","2180","109","4","5","85.5"
"20","18","2026-08-21","17","1935","113.9","4","5","87.4"
"20","3","2026-08-24","10","1129","113","4","5","81.4"
"20","18","2026-08-27","25","2790","111.6","4","5","84.6"
"21","9","2026-05-30","14","1653","118.1","5","5","94"
"21","9","2026-06-05","16","1909","119.4","4","5","74.6"
"21","12","2026-06-08","12","1404","117","4","5","77.9"
"21","9","2026-06-09","14","1682","120.2","4","5","81.2"
"21","12","2026-06-13","19","2229","117.4","4","5","75.2"
"21","12","2026-06-15","16","1742","108.9","4","5","77.2"
"21","9","2026-06-16","24","2887","120.3","4","5","75.3"
"21","18","2026-06-18","15","1682","112.2","4","5","85.3"
"21","18","2026-06-21","21","2255","107.4","4","5","87.2"
"21","9","2026-06-22","25","2776","111.1","4","5","74.2"
"21","9","2026-06-23","12","1302","108.6","4","5","80.8"
"21","18","2026-06-24","21","2327","110.8","4","5","76.4"
"21","9","2026-06-25","13","1403","108","4","5","84.3"
"21","12","2026-07-01","15","1706","113.8","4","5","76.2"
"21","18","2026-07-03","10","1069","106.9","4","5","77.3"
"21","9","2026-07-09","23","2444","106.3","4","5","82.2"
"21","18","2026-07-10","22","2322","105.6","4","5","77.1"
"21","18","2026-07-15","21","2256","107.5","4","5","78.7"
"21","9","2026-07-16","25","2569","102.8","4","5","74.1"
"21","12","2026-07-20","12","1301","108.5","4","5","82.3"
"21","9","2026-07-22","11","1122","102","4","5","83.2"
"21","18","2026-07-24","14","1414","101","4","5","70.6"
"21","18","2026-07-25","21","2115","100.8","4","5","70.4"
"21","12","2026-07-27","21","2260","107.6","4","5","71.8"
"21","18","2026-07-29","23","2299","100","4","5","72"
"21","18","2026-07-30","11","1127","102.5","4","5","81.7"
"21","12","2026-08-03","22","2428","110.4","4","5","82"
"21","18","2026-08-07","20","2039","102","4","5","76.9"
"21","12","2026-08-08","13","1269","97.6","4","5","75.4"
"21","9","2026-08-11","20","1965","98.3","4","5","80.8"
"21","18","2026-08-13","23","2318","100.8","4","5","84.5"
"21","9","2026-08-14","17","1669","98.2","3","5","69.6"
"21","9","2026-08-15","17","1588","93.4","4","5","80.1"
"21","9","2026-08-18","10","1008","100.8","4","5","77.9"
"21","18","2026-08-19","10","1043","104.3","3","5","68.1"
"21","18","2026-08-20","12","1108","92.4","4","5","85.7"
"21","18","2026-08-22","15","1443","96.2","3","5","69.1"
"21","12","2026-08-25","13","1201","92.4","4","5","74.4"
"22","4","2026-06-03","18","2238","124.4","4","5","79.2"
"22","21","2026-06-04","23","2760","120","4","5","84.2"
"22","5","2026-06-05","24","2895","120.6","4","5","88.5"
"22","21","2026-06-07","23","2874","125","4","5","74.8"
"22","4","2026-06-08","10","1187","118.7","4","5","87.7"
"22","5","2026-06-10","14","1696","121.2","4","5","84.7"
"22","21","2026-06-11","13","1636","125.9","4","5","86.7"
"22","5","2026-06-12","15","1791","119.4","4","5","84.3"
"22","4","2026-06-13","12","1462","121.9","4","5","76.3"
"22","5","2026-06-16","18","2168","120.5","4","5","84.3"
"22","21","2026-06-17","10","1206","120.6","4","5","82.2"
"22","21","2026-06-21","25","3160","126.4","4","5","88"
"22","21","2026-06-22","24","2848","118.7","4","5","79.3"
"22","5","2026-06-23","13","1617","124.4","4","5","76.7"
"22","21","2026-06-27","13","1626","125.1","4","5","83.5"
"22","21","2026-06-28","19","2296","120.9","4","5","83.1"
"22","5","2026-06-29","20","2401","120.1","4","5","90"
"22","21","2026-07-01","10","1279","128","4","5","82.1"
"22","21","2026-07-07","15","1783","118.9","4","5","88.9"
"22","21","2026-07-08","20","2534","126.7","4","5","78.8"
"22","5","2026-07-12","23","2789","121.3","4","5","85.1"
"22","21","2026-07-15","18","2252","125.2","4","5","87.7"
"22","4","2026-07-18","23","2785","121.1","4","5","81.5"
"22","21","2026-07-19","16","1916","119.8","4","5","87.7"
"22","5","2026-07-21","18","2138","118.8","5","5","91.4"
"22","5","2026-07-22","13","1584","121.9","4","5","85"
"22","21","2026-07-24","19","2254","118.7","4","5","83.8"
"22","5","2026-07-26","24","2918","121.6","4","5","83.4"
"22","4","2026-07-28","25","3045","121.8","4","5","71.7"
"22","21","2026-07-30","15","1775","118.3","4","5","83.4"
"22","4","2026-08-01","22","2703","122.9","4","5","85.6"
"22","21","2026-08-04","25","3051","122.1","4","5","77.4"
"22","4","2026-08-10","11","1262","114.8","4","5","83.7"
"22","4","2026-08-11","13","1498","115.3","4","5","86.5"
"22","21","2026-08-12","24","2816","117.3","4","5","78.3"
"22","4","2026-08-18","22","2698","122.6","4","5","80.7"
"22","21","2026-08-19","24","2905","121.1","4","5","83.3"
"22","21","2026-08-26","13","1605","123.5","4","5","84.3"
"23","18","2026-05-30","18","1291","71.7","3","5","67.1"
"23","18","2026-05-31","18","734","40.8","4","5","70.4"
"23","22","2026-06-05","12","730","60.9","4","5","71.4"
"23","20","2026-06-07","23","2300","100","3","5","64.5"
"23","18","2026-06-12","13","698","53.7","4","5","74.7"
"23","22","2026-06-14","16","774","48.4","3","5","69.1"
"23","20","2026-06-16","21","1624","77.4","4","5","76.9"
"23","20","2026-06-19","15","687","45.8","3","5","65.8"
"23","22","2026-06-20","25","1327","53.1","3","5","69.4"
"23","18","2026-06-21","17","1402","82.5","4","5","73.1"
"23","22","2026-06-22","13","938","72.2","3","5","69.8"
"23","18","2026-06-27","15","825","55.1","3","5","69.3"
"23","20","2026-06-30","11","612","55.7","4","5","72.1"
"23","20","2026-07-02","14","840","60","3","5","65.7"
"23","18","2026-07-03","13","782","60.2","4","5","70.8"
"23","20","2026-07-11","24","1364","56.8","4","5","76.4"
"23","18","2026-07-12","14","963","68.8","4","5","73.5"
"23","22","2026-07-16","23","1464","63.7","4","5","75.6"
"23","22","2026-07-18","12","587","48.9","3","5","67"
"23","22","2026-07-19","15","913","60.9","3","5","65.2"
"23","18","2026-07-23","18","835","46.4","3","5","65.8"
"23","18","2026-07-26","22","1176","53.5","4","5","71.2"
"23","18","2026-07-27","16","970","60.6","3","5","68.1"
"23","18","2026-07-30","13","974","75","4","5","70.9"
"23","22","2026-07-31","20","891","44.6","4","5","71.7"
"23","20","2026-08-01","23","1563","68","4","5","72.1"
"23","18","2026-08-03","21","1429","68.1","4","5","74.4"
"23","18","2026-08-07","13","655","50.4","3","5","66.9"
"23","22","2026-08-10","15","758","50.6","4","5","73.4"
"23","22","2026-08-12","16","1046","65.4","3","5","62.4"
"23","22","2026-08-13","24","1480","61.7","4","5","72.1"
"23","22","2026-08-17","25","1418","56.8","4","5","83.5"
"23","18","2026-08-19","19","1389","73.1","4","5","71.4"
"23","20","2026-08-22","16","990","61.9","4","5","76.7"
"23","20","2026-08-24","24","1510","62.9","4","5","78.1"
"23","22","2026-08-25","24","1412","58.9","4","5","79.1"
"23","18","2026-08-26","24","1548","64.5","4","5","75.5"
"23","18","2026-08-27","23","1320","57.4","4","5","73.7"
"24","18","2026-06-01","17","1194","70.3","3","5","67.1"
"24","9","2026-06-03","17","1268","74.6","3","5","64.3"
"24","9","2026-06-04","24","1832","76.3","3","5","58.2"
"24","18","2026-06-05","19","1545","81.3","4","5","74.7"
"24","12","2026-06-07","16","1262","78.9","4","5","76.5"
"24","9","2026-06-08","19","1388","73.1","4","5","71"
"24","9","2026-06-09","16","1307","81.7","4","5","71.2"
"24","12","2026-06-12","17","1410","82.9","4","5","73.4"
"24","18","2026-06-13","14","1083","77.4","3","5","69.7"
"24","12","2026-06-17","12","877","73.2","3","5","63.6"
"24","9","2026-06-20","21","1801","85.8","4","5","70.4"
"24","12","2026-06-23","11","903","82.1","4","5","74.2"
"24","9","2026-06-25","14","1001","71.5","4","5","72.2"
"24","12","2026-06-27","19","1579","83.1","3","5","58.1"
"24","18","2026-06-28","14","1200","85.7","4","5","74.4"
"24","18","2026-06-29","19","1583","83.4","4","5","78.6"
"24","9","2026-06-30","20","1559","78","3","5","69"
"24","12","2026-07-01","11","874","79.5","4","5","70.8"
"24","18","2026-07-03","22","1814","82.5","4","5","71.1"
"24","9","2026-07-04","12","962","80.2","4","5","75.3"
"24","9","2026-07-08","13","1166","89.7","4","5","79.8"
"24","9","2026-07-09","25","2179","87.2","4","5","70.5"
"24","12","2026-07-10","14","1191","85.1","4","5","73.3"
"24","12","2026-07-17","15","1301","86.8","4","5","72.3"
"24","9","2026-07-18","17","1329","78.2","4","5","74.1"
"24","9","2026-07-24","16","1530","95.6","4","5","72.3"
"24","18","2026-07-27","17","1542","90.7","4","5","85.6"
"24","12","2026-07-28","12","1104","92","4","5","76.4"
"24","9","2026-07-29","10","954","95.5","4","5","74.4"
"24","12","2026-07-30","14","1337","95.5","4","5","76.1"
"24","12","2026-07-31","17","1588","93.5","3","5","60.6"
"24","12","2026-08-05","25","2395","95.8","4","5","77.5"
"24","12","2026-08-09","10","910","91","4","5","79.3"
"24","18","2026-08-12","17","1575","92.7","4","5","81.1"
"24","9","2026-08-17","24","2315","96.5","4","5","76.2"
"24","12","2026-08-19","17","1650","97.1","3","5","69"
"24","18","2026-08-25","20","2007","100.4","4","5","78"
"24","9","2026-08-26","16","1619","101.2","4","5","74.8"
"25","22","2026-05-30","25","2109","84.4","4","5","84.8"
"25","1","2026-05-31","11","954","86.8","4","5","79.6"
"25","1","2026-06-04","12","987","82.3","4","5","88.2"
"25","22","2026-06-05","19","1577","83","4","5","81.5"
"25","21","2026-06-06","18","1559","86.6","4","5","77.5"
"25","1","2026-06-07","24","2096","87.4","4","5","85"
"25","1","2026-06-09","14","1243","88.8","4","5","75.1"
"25","21","2026-06-10","25","2040","81.6","4","5","77.3"
"25","1","2026-06-16","21","1755","83.6","5","5","91.1"
"25","22","2026-06-17","13","1124","86.5","4","5","80.5"
"25","1","2026-06-22","15","1322","88.2","4","5","78.1"
"25","22","2026-06-24","10","844","84.5","4","5","81.7"
"25","22","2026-06-25","20","1679","84","4","5","77.5"
"25","1","2026-06-27","16","1368","85.5","4","5","89.8"
"25","1","2026-06-30","18","1579","87.8","4","5","86"
"25","22","2026-07-01","14","1163","83.1","5","5","90.8"
"25","21","2026-07-06","15","1275","85","5","5","90.9"
"25","1","2026-07-07","21","1865","88.8","4","5","77.9"
"25","21","2026-07-12","24","1944","81","4","5","81.9"
"25","22","2026-07-15","25","2330","93.2","4","5","81.8"
"25","1","2026-07-16","13","1147","88.3","4","5","84.2"
"25","1","2026-07-18","22","1957","89","4","5","87.7"
"25","22","2026-07-21","25","2038","81.6","4","5","85.8"
"25","21","2026-07-24","24","2045","85.2","4","5","75.5"
"25","1","2026-07-25","21","1747","83.2","4","5","79.9"
"25","1","2026-07-28","10","916","91.7","4","5","77.1"
"25","22","2026-07-30","12","981","81.8","4","5","79.1"
"25","1","2026-07-31","21","1835","87.4","4","5","84.7"
"25","22","2026-08-01","24","2133","88.9","5","5","91.4"
"25","1","2026-08-04","18","1481","82.3","4","5","88.7"
"25","1","2026-08-08","10","888","88.8","4","5","87.1"
"25","22","2026-08-09","18","1535","85.3","4","5","84.3"
"25","21","2026-08-18","14","1211","86.5","4","5","82.1"
"25","21","2026-08-19","16","1358","84.9","4","5","79.1"
"25","22","2026-08-21","22","1919","87.3","4","5","74.2"
"25","21","2026-08-23","18","1542","85.7","4","5","80.9"
"25","22","2026-08-24","15","1306","87.1","4","5","78.3"
"25","21","2026-08-25","20","1663","83.2","4","5","77.1"
"26","19","2026-05-30","22","2321","105.5","4","5","77.7"
"26","19","2026-06-01","18","2094","116.3","4","5","86.1"
"26","19","2026-06-04","14","1394","99.6","4","5","86"
"26","5","2026-06-11","13","1380","106.2","4","5","72"
"26","17","2026-06-13","24","2077","86.5","4","5","77.3"
"26","19","2026-06-14","19","2020","106.3","4","5","78.5"
"26","17","2026-06-17","17","2045","120.3","4","5","88.3"
"26","5","2026-06-18","24","3052","127.2","4","5","79.1"
"26","5","2026-06-23","16","1385","86.6","4","5","76.3"
"26","5","2026-06-26","19","1544","81.3","4","5","78.4"
"26","5","2026-07-01","25","2296","91.9","4","5","81"
"26","19","2026-07-02","12","933","77.8","4","5","79.1"
"26","5","2026-07-06","12","987","82.3","4","5","82.5"
"26","19","2026-07-08","12","1208","100.7","4","5","79.6"
"26","5","2026-07-09","25","2387","95.5","4","5","75.7"
"26","5","2026-07-12","12","1225","102.1","4","5","79.7"
"26","19","2026-07-18","13","1097","84.4","4","5","84.8"
"26","5","2026-07-19","12","1413","117.8","4","5","82.4"
"26","17","2026-07-20","16","1755","109.7","4","5","75.5"
"26","19","2026-07-21","20","1774","88.7","4","5","81.6"
"26","19","2026-07-24","20","1613","80.7","4","5","73.3"
"26","19","2026-07-25","16","1322","82.6","4","5","80.3"
"26","5","2026-07-26","11","1243","113.1","3","5","69.9"
"26","5","2026-07-29","23","2029","88.2","4","5","77.3"
"26","5","2026-07-30","23","2296","99.9","3","5","66.2"
"26","19","2026-07-31","23","2063","89.7","4","5","88.6"
"26","19","2026-08-03","18","1640","91.2","4","5","75.4"
"26","5","2026-08-07","15","1404","93.6","4","5","82.8"
"26","17","2026-08-09","20","2224","111.2","4","5","77.5"
"26","19","2026-08-11","11","1061","96.5","4","5","80.7"
"26","17","2026-08-12","24","2233","93.1","4","5","81.6"
"26","17","2026-08-13","12","1117","93.1","4","5","70.7"
"26","19","2026-08-15","14","1493","106.7","4","5","84.8"
"26","17","2026-08-16","24","2135","89","3","5","67.8"
"26","19","2026-08-17","13","1258","96.8","4","5","82"
"26","17","2026-08-20","21","2698","128.5","4","5","75.8"
"26","5","2026-08-22","18","1707","94.8","3","5","67.3"
"26","17","2026-08-23","18","1536","85.4","4","5","75.6"
"27","16","2026-05-31","14","1401","100.1","4","5","76.9"
"27","20","2026-06-01","16","1555","97.2","4","5","83.4"
"27","20","2026-06-02","16","1602","100.1","4","5","79.3"
"27","20","2026-06-03","15","1550","103.4","4","5","79.4"
"27","20","2026-06-05","10","1020","102.1","4","5","73.6"
"27","20","2026-06-09","23","2344","101.9","4","5","76.5"
"27","20","2026-06-13","23","2341","101.8","4","5","82.1"
"27","16","2026-06-15","22","2188","99.5","4","5","77.3"
"27","15","2026-06-24","18","1834","101.9","4","5","76"
"27","15","2026-06-25","15","1471","98.1","4","5","86.1"
"27","15","2026-06-30","19","1984","104.5","4","5","84.5"
"27","15","2026-07-01","19","1889","99.5","4","5","82.8"
"27","20","2026-07-05","22","2211","100.5","4","5","74.9"
"27","20","2026-07-09","25","2490","99.6","4","5","75.4"
"27","16","2026-07-10","19","1877","98.8","4","5","76.2"
"27","20","2026-07-11","13","1236","95.1","4","5","86"
"27","16","2026-07-13","20","2004","100.2","4","5","84"
"27","15","2026-07-17","16","1519","94.9","4","5","79.8"
"27","20","2026-07-18","12","1171","97.6","4","5","79.5"
"27","20","2026-07-21","19","1943","102.3","4","5","81.6"
"27","20","2026-07-25","24","2408","100.4","4","5","85.6"
"27","15","2026-07-27","24","2418","100.8","4","5","79.4"
"27","15","2026-07-31","15","1490","99.4","4","5","75.1"
"27","15","2026-08-04","21","2111","100.5","4","5","78.8"
"27","15","2026-08-06","22","2150","97.8","3","5","68"
"27","20","2026-08-09","19","1964","103.4","4","5","79.6"
"27","20","2026-08-10","25","2524","101","4","5","79.6"
"27","15","2026-08-12","11","1075","97.8","4","5","83.6"
"27","15","2026-08-13","22","2214","100.6","4","5","85.2"
"27","16","2026-08-16","18","1822","101.2","4","5","79.3"
"27","20","2026-08-17","11","1110","101","4","5","78.2"
"27","20","2026-08-18","13","1284","98.8","4","5","74.8"
"27","15","2026-08-21","14","1366","97.6","4","5","85.6"
"27","20","2026-08-23","13","1239","95.4","4","5","79.3"
"27","15","2026-08-24","25","2475","99","3","5","68.8"
"27","15","2026-08-25","24","2380","99.2","4","5","83.9"
"27","16","2026-08-26","24","2475","103.2","4","5","80.3"
"27","16","2026-08-27","23","2381","103.5","3","5","68.7"
"28","7","2026-06-02","12","827","69","4","5","84.3"
"28","24","2026-06-03","16","1216","76.1","4","5","85"
"28","21","2026-06-06","19","1464","77.1","4","5","89"
"28","21","2026-06-08","18","1445","80.3","4","5","89.1"
"28","7","2026-06-13","11","741","67.4","5","5","90.2"
"28","24","2026-06-15","18","1271","70.6","4","5","83.6"
"28","7","2026-06-16","13","915","70.4","5","5","95.1"
"28","7","2026-06-26","25","1732","69.3","4","5","85.3"
"28","21","2026-06-27","25","1970","78.8","4","5","88.2"
"28","7","2026-07-02","10","616","61.7","4","5","83.8"
"28","24","2026-07-05","20","1423","71.2","4","5","81.8"
"28","21","2026-07-07","19","1286","67.7","4","5","82.4"
"28","21","2026-07-08","14","889","63.6","5","5","95.4"
"28","24","2026-07-11","18","1031","57.3","4","5","83.1"
"28","21","2026-07-12","22","1566","71.2","4","5","81.8"
"28","21","2026-07-16","10","663","66.4","4","5","81.4"
"28","7","2026-07-19","17","1013","59.6","5","5","90.8"
"28","21","2026-07-20","23","1358","59.1","4","5","89.9"
"28","7","2026-07-21","16","962","60.2","4","5","86.2"
"28","21","2026-07-23","11","696","63.3","4","5","82.3"
"28","24","2026-07-24","11","630","57.3","4","5","86.6"
"28","24","2026-07-28","21","1156","55","4","5","82.5"
"28","21","2026-07-31","15","870","58","4","5","84.6"
"28","7","2026-08-03","16","991","62","4","5","78.1"
"28","24","2026-08-04","16","912","57","4","5","79.8"
"28","21","2026-08-06","22","1267","57.6","4","5","79.2"
"28","24","2026-08-08","25","1486","59.4","4","5","83.7"
"28","7","2026-08-09","10","628","62.9","4","5","84.4"
"28","7","2026-08-10","25","1383","55.4","4","5","81.7"
"28","7","2026-08-11","24","1310","54.6","4","5","81"
"28","24","2026-08-14","12","724","60.4","4","5","83.6"
"28","24","2026-08-15","23","1328","57.7","4","5","84.3"
"28","7","2026-08-17","13","705","54.2","4","5","80.5"
"28","24","2026-08-18","10","565","56.5","4","5","84.4"
"28","21","2026-08-20","14","822","58.7","4","5","87.6"
"28","24","2026-08-21","21","1139","54.3","4","5","81.8"
"28","21","2026-08-22","24","1473","61.4","4","5","82.3"
"28","24","2026-08-25","14","744","53.1","4","5","80"
"29","16","2026-05-30","13","1216","93.6","4","5","78.5"
"29","16","2026-06-01","23","2018","87.8","4","5","81.6"
"29","4","2026-06-02","22","1872","85.1","4","5","81"
"29","16","2026-06-05","22","1931","87.8","4","5","85"
"29","4","2026-06-08","18","1557","86.5","4","5","84.2"
"29","4","2026-06-10","19","1747","92","5","5","90.3"
"29","4","2026-06-12","18","1590","88.4","4","5","82.4"
"29","16","2026-06-19","18","1735","96.4","4","5","83.2"
"29","4","2026-06-25","17","1557","91.6","4","5","84.8"
"29","16","2026-06-26","24","2321","96.7","4","5","83.1"
"29","4","2026-06-28","21","1790","85.3","5","5","91.6"
"29","16","2026-06-29","22","2164","98.4","4","5","84.9"
"29","4","2026-06-30","18","1733","96.3","4","5","82"
"29","16","2026-07-02","16","1610","100.6","4","5","82.2"
"29","16","2026-07-04","15","1418","94.6","5","5","91.7"
"29","4","2026-07-06","16","1555","97.2","4","5","85.9"
"29","4","2026-07-08","17","1655","97.4","4","5","88.3"
"29","4","2026-07-14","12","1143","95.3","4","5","82.5"
"29","4","2026-07-16","15","1397","93.1","4","5","81.7"
"29","16","2026-07-20","23","2425","105.4","4","5","88.4"
"29","4","2026-07-22","14","1357","96.9","4","5","85.1"
"29","16","2026-07-23","24","2542","105.9","4","5","81.2"
"29","4","2026-07-27","14","1407","100.6","4","5","88.3"
"29","16","2026-07-28","15","1496","99.8","5","5","90.2"
"29","16","2026-07-30","13","1329","102.3","5","5","91.9"
"29","16","2026-07-31","10","1019","102","4","5","82.8"
"29","4","2026-08-01","21","2114","100.7","5","5","91.9"
"29","16","2026-08-03","15","1447","96.5","4","5","89.4"
"29","4","2026-08-04","15","1502","100.2","5","5","91.9"
"29","4","2026-08-05","25","2733","109.3","5","5","95.4"
"29","4","2026-08-06","20","2067","103.4","5","5","96.4"
"29","16","2026-08-07","25","2482","99.3","4","5","87.1"
"29","16","2026-08-08","10","1044","104.4","4","5","89.7"
"29","16","2026-08-12","25","2631","105.2","4","5","79.9"
"29","4","2026-08-14","14","1503","107.4","5","5","93.3"
"29","16","2026-08-16","18","1945","108.1","4","5","84"
"29","4","2026-08-18","20","2135","106.8","5","5","92.5"
"29","16","2026-08-21","14","1575","112.6","4","5","86.6"
"30","16","2026-05-31","11","907","82.5","4","5","71.3"
"30","6","2026-06-01","10","732","73.2","4","5","83.4"
"30","6","2026-06-02","11","853","77.6","4","5","73.3"
"30","6","2026-06-03","15","1181","78.8","4","5","76.6"
"30","6","2026-06-04","22","1943","88.3","4","5","77.2"
"30","6","2026-06-11","23","1774","77.2","4","5","76.7"
"30","5","2026-06-14","24","1880","78.4","4","5","77.1"
"30","6","2026-06-17","25","2021","80.9","4","5","74.4"
"30","16","2026-06-19","18","1335","74.2","4","5","82.6"
"30","6","2026-06-20","12","1008","84","4","5","78"
"30","5","2026-06-23","18","1466","81.5","4","5","86.3"
"30","16","2026-07-02","18","1488","82.7","4","5","77.3"
"30","5","2026-07-05","11","897","81.6","3","5","69.3"
"30","5","2026-07-06","10","831","83.2","4","5","73.9"
"30","5","2026-07-08","25","2071","82.9","4","5","75.5"
"30","5","2026-07-11","20","1567","78.4","4","5","84.1"
"30","5","2026-07-13","17","1369","80.6","3","5","69.2"
"30","16","2026-07-17","20","1620","81","4","5","82.3"
"30","16","2026-07-18","21","1694","80.7","4","5","81"
"30","6","2026-07-19","15","1222","81.5","4","5","75.1"
"30","16","2026-07-20","14","1115","79.7","4","5","84.1"
"30","6","2026-07-21","20","1657","82.9","4","5","71"
"30","6","2026-07-22","13","1014","78","4","5","82.4"
"30","6","2026-07-31","24","1983","82.6","4","5","73.7"
"30","6","2026-08-03","18","1419","78.9","4","5","75.3"
"30","5","2026-08-07","24","2033","84.7","4","5","71.1"
"30","5","2026-08-08","24","1844","76.8","4","5","75.2"
"30","5","2026-08-09","23","1824","79.3","4","5","89.6"
"30","16","2026-08-10","24","1803","75.1","4","5","77.9"
"30","6","2026-08-11","14","1118","79.9","4","5","81"
"30","5","2026-08-13","20","1617","80.9","4","5","77.2"
"30","6","2026-08-14","10","830","83.1","4","5","85.3"
"30","16","2026-08-17","24","1897","79.1","3","5","69"
"30","16","2026-08-18","16","1302","81.4","4","5","74.6"
"30","16","2026-08-19","19","1515","79.8","4","5","75.1"
"30","5","2026-08-22","14","1071","76.5","4","5","82.9"
"30","6","2026-08-23","24","1900","79.2","4","5","85.3"
"30","5","2026-08-27","11","907","82.5","4","5","83.9"
"31","21","2026-06-07","10","940","94.1","3","5","64.7"
"31","1","2026-06-15","16","1608","100.5","3","5","66.8"
"31","21","2026-06-16","25","2325","93","4","5","76.5"
"31","21","2026-06-19","20","1923","96.2","4","5","71.3"
"31","2","2026-06-20","15","1424","94.9","4","5","70.6"
"31","2","2026-06-21","23","2162","94","4","5","76.4"
"31","1","2026-06-22","20","1838","91.9","3","5","61"
"31","1","2026-06-23","14","1339","95.7","4","5","70.8"
"31","2","2026-06-26","12","1143","95.3","3","5","68.7"
"31","1","2026-06-29","11","1033","94","3","5","64.7"
"31","21","2026-07-01","10","967","96.8","4","5","71.6"
"31","2","2026-07-02","25","2303","92.1","4","5","71.2"
"31","21","2026-07-05","22","2057","93.5","3","5","65.6"
"31","21","2026-07-07","15","1383","92.3","4","5","71.7"
"31","2","2026-07-08","15","1426","95.1","3","5","68.7"
"31","1","2026-07-10","23","2108","91.7","3","5","69.7"
"31","1","2026-07-11","18","1691","94","3","5","68.8"
"31","2","2026-07-12","22","1983","90.1","4","5","70.6"
"31","2","2026-07-15","17","1563","92","4","5","74"
"31","2","2026-07-16","25","2296","91.9","3","5","61.3"
"31","2","2026-07-17","15","1363","90.9","3","5","63.9"
"31","21","2026-07-19","25","2272","90.9","4","5","70.6"
"31","21","2026-07-20","19","1766","92.9","3","5","64.3"
"31","21","2026-07-23","21","1922","91.5","3","5","64.9"
"31","2","2026-07-24","13","1179","90.7","4","5","77.9"
"31","21","2026-07-27","21","1953","93","4","5","71.5"
"31","1","2026-07-30","20","1875","93.8","4","5","71.3"
"31","1","2026-08-01","18","1751","97.3","3","5","68.8"
"31","2","2026-08-06","21","2000","95.2","3","5","68"
"31","1","2026-08-07","12","1134","94.5","4","5","76"
"31","1","2026-08-12","15","1377","91.8","3","5","69"
"31","1","2026-08-13","14","1326","94.7","4","5","74.5"
"31","2","2026-08-14","22","1999","90.9","3","5","65.1"
"31","2","2026-08-15","15","1343","89.6","4","5","75.1"
"31","1","2026-08-16","14","1285","91.8","4","5","71.9"
"31","2","2026-08-18","21","1949","92.8","3","5","60.7"
"31","21","2026-08-23","19","1770","93.2","3","5","67.4"
"31","2","2026-08-27","11","1027","93.4","3","5","60.4"
"32","6","2026-06-05","21","1589","75.7","4","5","74.8"
"32","8","2026-06-08","11","799","72.7","4","5","70.4"
"32","8","2026-06-12","13","948","73","4","5","77.8"
"32","8","2026-06-14","24","1696","70.7","4","5","74.7"
"32","6","2026-06-18","12","813","67.8","3","5","68.1"
"32","6","2026-06-20","20","1573","78.7","4","5","74.7"
"32","8","2026-06-27","23","1679","73","4","5","77"
"32","8","2026-06-28","18","1340","74.5","4","5","74.9"
"32","6","2026-06-30","16","1262","78.9","4","5","76.2"
"32","7","2026-07-02","13","1002","77.1","4","5","72.8"
"32","7","2026-07-03","25","1939","77.6","4","5","78.6"
"32","6","2026-07-05","11","816","74.2","4","5","79"
"32","8","2026-07-07","24","1809","75.4","4","5","75.4"
"32","6","2026-07-09","22","1690","76.8","4","5","86"
"32","6","2026-07-12","25","1952","78.1","4","5","82.4"
"32","8","2026-07-14","22","1752","79.6","4","5","79.9"
"32","7","2026-07-15","14","1067","76.3","4","5","71.4"
"32","6","2026-07-16","18","1396","77.6","3","5","68.2"
"32","8","2026-07-19","12","923","77","4","5","82.4"
"32","7","2026-07-22","13","991","76.3","4","5","75.7"
"32","6","2026-07-25","14","1135","81.1","4","5","79.2"
"32","8","2026-07-26","25","2011","80.5","4","5","71.3"
"32","8","2026-07-28","21","1665","79.3","4","5","85.5"
"32","7","2026-07-30","25","2122","84.9","4","5","73.8"
"32","8","2026-07-31","10","844","84.5","4","5","73.1"
"32","7","2026-08-04","17","1209","71.1","5","5","91.2"
"32","8","2026-08-06","21","1825","86.9","4","5","78"
"32","6","2026-08-10","15","1171","78.1","4","5","89"
"32","6","2026-08-11","22","1914","87","3","5","69.3"
"32","6","2026-08-12","16","1252","78.3","5","5","90.2"
"32","7","2026-08-13","14","1201","85.8","4","5","82.7"
"32","8","2026-08-14","24","1909","79.6","4","5","78.7"
"32","7","2026-08-15","16","1404","87.8","4","5","86"
"32","8","2026-08-17","16","1342","83.9","4","5","84.7"
"32","7","2026-08-18","22","1823","82.9","4","5","81"
"32","8","2026-08-19","10","775","77.6","4","5","86.4"
"32","6","2026-08-20","12","1010","84.2","4","5","73.9"
"32","7","2026-08-25","19","1814","95.5","4","5","83.2"
"33","19","2026-06-03","14","1746","124.7","4","5","78.8"
"33","19","2026-06-07","11","1418","129","4","5","87.4"
"33","19","2026-06-08","10","1270","127.1","4","5","86.4"
"33","19","2026-06-09","18","2183","121.3","4","5","81.1"
"33","24","2026-06-17","15","1888","125.9","4","5","75.1"
"33","19","2026-06-18","24","2890","120.4","4","5","88.8"
"33","12","2026-06-20","19","2412","127","4","5","88.4"
"33","24","2026-06-21","12","1522","126.8","4","5","85.6"
"33","24","2026-06-23","15","1861","124.1","4","5","88"
"33","24","2026-06-25","10","1263","126.3","4","5","77.5"
"33","24","2026-06-26","14","1776","126.9","4","5","85.7"
"33","12","2026-06-27","14","1755","125.4","4","5","80.4"
"33","12","2026-06-28","10","1233","123.4","4","5","78.9"
"33","12","2026-06-29","24","2908","121.2","4","5","88.4"
"33","19","2026-07-06","10","1248","124.9","4","5","86.8"
"33","12","2026-07-07","15","1917","127.8","4","5","85.4"
"33","12","2026-07-08","25","3294","131.8","5","5","92.6"
"33","19","2026-07-10","17","2134","125.5","4","5","82.5"
"33","19","2026-07-14","23","2999","130.4","4","5","82.6"
"33","12","2026-07-15","10","1257","125.8","4","5","87.8"
"33","19","2026-07-16","14","1835","131.1","4","5","81.1"
"33","12","2026-07-17","23","3034","131.9","4","5","80"
"33","24","2026-07-22","15","2111","140.8","4","5","84.3"
"33","12","2026-07-24","10","1291","129.1","4","5","80.5"
"33","19","2026-07-26","25","3287","131.5","4","5","83"
"33","12","2026-07-29","24","3189","132.9","4","5","77.1"
"33","24","2026-08-02","14","1824","130.3","4","5","88.2"
"33","19","2026-08-05","11","1514","137.7","4","5","88.6"
"33","12","2026-08-08","16","2162","135.2","4","5","80.1"
"33","24","2026-08-10","24","3288","137","4","5","84.3"
"33","12","2026-08-11","14","1882","134.5","4","5","82.9"
"33","12","2026-08-16","22","2964","134.7","4","5","88.5"
"33","12","2026-08-19","12","1666","138.9","5","5","91.6"
"33","19","2026-08-20","21","3025","144.1","5","5","92"
"33","12","2026-08-23","25","3220","128.8","5","5","91.5"
"33","24","2026-08-24","21","2916","138.9","4","5","89.9"
"33","19","2026-08-25","17","2338","137.5","4","5","85.8"
"33","24","2026-08-27","14","1828","130.6","5","5","94.1"
"34","23","2026-05-31","18","1728","96","4","5","78.4"
"34","23","2026-06-02","16","1508","94.3","4","5","75.7"
"34","23","2026-06-04","11","1063","96.6","4","5","72.3"
"34","20","2026-06-10","10","969","96.9","3","5","69.3"
"34","22","2026-06-11","24","2254","93.9","4","5","82.3"
"34","22","2026-06-12","17","1682","99","4","5","77.4"
"34","22","2026-06-15","23","2342","101.8","4","5","77"
"34","23","2026-06-16","24","2492","103.9","4","5","77"
"34","20","2026-06-19","13","1292","99.4","4","5","83.5"
"34","20","2026-06-21","23","2382","103.6","4","5","79.9"
"34","20","2026-06-24","22","2197","99.9","4","5","78.9"
"34","20","2026-06-25","21","2149","102.4","4","5","76.4"
"34","20","2026-06-26","25","2357","94.3","4","5","79.5"
"34","20","2026-06-27","19","1892","99.6","4","5","77.3"
"34","20","2026-06-28","17","1763","103.7","4","5","82.5"
"34","20","2026-06-30","24","2505","104.4","4","5","78.7"
"34","22","2026-07-03","22","2304","104.7","4","5","79.5"
"34","23","2026-07-04","23","2417","105.1","4","5","86.3"
"34","22","2026-07-06","13","1375","105.8","4","5","81.7"
"34","23","2026-07-08","22","2416","109.8","4","5","80.6"
"34","22","2026-07-10","14","1525","108.9","4","5","78.2"
"34","20","2026-07-11","11","1198","108.9","4","5","80.6"
"34","22","2026-07-13","10","1111","111.1","4","5","77.8"
"34","22","2026-07-18","25","2714","108.6","4","5","81.7"
"34","20","2026-07-25","20","2239","112","4","5","84.9"
"34","20","2026-07-26","10","1087","108.8","4","5","88.1"
"34","23","2026-08-01","16","1864","116.5","5","5","91.5"
"34","22","2026-08-02","18","2032","112.9","4","5","89.1"
"34","20","2026-08-04","18","2018","112.1","4","5","80.5"
"34","22","2026-08-07","16","1675","104.7","4","5","84.6"
"34","22","2026-08-10","13","1580","121.5","4","5","84.8"
"34","23","2026-08-11","25","2783","111.3","4","5","76.7"
"34","20","2026-08-12","13","1532","117.9","4","5","84.4"
"34","22","2026-08-20","13","1501","115.5","4","5","81.9"
"34","23","2026-08-21","24","2996","124.9","4","5","81.8"
"34","23","2026-08-22","23","2691","117","4","5","86.8"
"34","23","2026-08-24","16","2009","125.6","4","5","86.6"
"34","22","2026-08-27","25","3029","121.2","4","5","87.3"
"35","19","2026-05-31","10","1265","126.5","4","5","80.4"
"35","19","2026-06-01","21","2616","124.6","4","5","77.8"
"35","23","2026-06-03","25","3160","126.4","4","5","75.2"
"35","23","2026-06-05","13","1637","125.9","4","5","71.7"
"35","19","2026-06-07","21","2700","128.6","3","5","66.7"
"35","19","2026-06-11","14","1702","121.6","4","5","78.4"
"35","6","2026-06-15","14","1710","122.2","3","5","66.7"
"35","6","2026-06-16","16","2006","125.4","4","5","86.7"
"35","23","2026-06-17","17","2022","118.9","4","5","76.5"
"35","23","2026-06-18","15","1920","128","4","5","71.6"
"35","19","2026-06-19","12","1466","122.2","4","5","76.6"
"35","6","2026-06-20","15","1768","117.9","4","5","75.5"
"35","6","2026-06-23","14","1745","124.7","4","5","71.6"
"35","23","2026-06-29","18","2171","120.6","4","5","77.1"
"35","23","2026-07-02","18","2294","127.5","4","5","70.3"
"35","23","2026-07-03","12","1460","121.7","4","5","78.6"
"35","6","2026-07-04","17","2129","125.2","4","5","75.8"
"35","6","2026-07-06","21","2592","123.4","4","5","79.7"
"35","23","2026-07-07","24","2909","121.2","4","5","74.3"
"35","23","2026-07-08","18","2234","124.1","4","5","73.4"
"35","19","2026-07-15","14","1703","121.7","4","5","76.9"
"35","6","2026-07-18","14","1668","119.2","4","5","81"
"35","19","2026-07-20","12","1445","120.5","4","5","75.2"
"35","23","2026-07-21","21","2557","121.8","4","5","79.5"
"35","23","2026-07-24","22","2604","118.4","4","5","75.1"
"35","23","2026-07-26","11","1270","115.5","4","5","84.1"
"35","19","2026-07-27","24","3029","126.2","4","5","75.7"
"35","19","2026-07-28","18","2144","119.2","4","5","72.1"
"35","6","2026-07-30","25","3003","120.1","4","5","75.9"
"35","6","2026-08-01","21","2466","117.4","4","5","79.1"
"35","23","2026-08-02","16","1970","123.2","3","5","67.9"
"35","23","2026-08-05","14","1701","121.6","4","5","71.5"
"35","19","2026-08-08","25","2968","118.7","4","5","80.8"
"35","23","2026-08-15","18","2271","126.2","4","5","79.4"
"35","19","2026-08-21","23","2746","119.4","4","5","84.3"
"35","19","2026-08-22","19","2377","125.1","4","5","73.4"
"35","23","2026-08-26","20","2499","125","4","5","73.9"
"35","6","2026-08-27","16","1963","122.7","4","5","73.2"
"36","3","2026-05-30","20","1570","78.5","4","5","88.6"
"36","19","2026-06-01","21","1591","75.8","5","5","90.6"
"36","19","2026-06-02","15","1186","79.1","4","5","85.2"
"36","22","2026-06-06","20","1561","78.1","4","5","88.1"
"36","3","2026-06-07","14","1151","82.3","4","5","83.7"
"36","3","2026-06-09","12","956","79.7","4","5","87"
"36","3","2026-06-15","13","1074","82.6","4","5","89.9"
"36","3","2026-06-17","16","1320","82.5","4","5","85.6"
"36","3","2026-06-19","19","1480","77.9","4","5","85.8"
"36","19","2026-06-21","18","1411","78.4","4","5","89.4"
"36","19","2026-06-22","10","770","77","4","5","85.2"
"36","22","2026-06-24","21","1597","76.1","5","5","99.2"
"36","22","2026-06-25","13","1186","91.3","5","5","92"
"36","22","2026-06-28","25","2029","81.2","4","5","89.3"
"36","3","2026-06-29","25","1982","79.3","5","5","96.3"
"36","3","2026-07-02","14","1107","79.1","5","5","90.1"
"36","22","2026-07-08","15","1306","87.1","4","5","85.8"
"36","22","2026-07-16","12","1027","85.6","4","5","84.8"
"36","3","2026-07-17","18","1517","84.3","4","5","77.7"
"36","19","2026-07-18","15","1202","80.2","4","5","81.5"
"36","3","2026-07-20","19","1481","78","5","5","90.6"
"36","3","2026-07-24","25","2074","83","5","5","92.3"
"36","3","2026-07-26","23","1835","79.8","4","5","76.5"
"36","22","2026-07-29","14","1102","78.7","5","5","93.9"
"36","22","2026-08-03","11","910","82.7","4","5","85.8"
"36","3","2026-08-06","25","1952","78.1","5","5","93"
"36","19","2026-08-09","11","858","78","4","5","86.8"
"36","22","2026-08-10","15","1274","85","4","5","88.4"
"36","3","2026-08-12","17","1372","80.7","4","5","83.6"
"36","3","2026-08-14","13","1029","79.2","4","5","84.1"
"36","19","2026-08-17","14","1200","85.8","5","5","91.2"
"36","19","2026-08-18","20","1626","81.3","4","5","82.5"
"36","3","2026-08-19","11","868","78.9","4","5","85"
"36","19","2026-08-21","23","1817","79","5","5","94.3"
"36","22","2026-08-22","10","836","83.6","4","5","86"
"36","22","2026-08-24","13","1070","82.4","4","5","89.8"
"36","22","2026-08-25","14","1156","82.6","5","5","93.3"
"36","3","2026-08-27","15","1166","77.7","4","5","86.4"
"37","23","2026-05-30","12","930","77.5","4","5","83.8"
"37","8","2026-05-31","24","1733","72.2","4","5","73.6"
"37","19","2026-06-01","13","984","75.8","4","5","72.2"
"37","23","2026-06-05","19","1442","75.9","3","5","69.4"
"37","8","2026-06-06","20","1480","74","4","5","73"
"37","8","2026-06-13","15","1142","76.2","4","5","78"
"37","23","2026-06-15","18","1194","66.4","4","5","73"
"37","19","2026-06-24","17","1347","79.2","3","5","69.3"
"37","23","2026-06-27","12","894","74.6","4","5","70.2"
"37","8","2026-06-28","18","1279","71.1","3","5","67.7"
"37","23","2026-06-29","25","1708","68.3","4","5","72.3"
"37","19","2026-07-01","16","1148","71.8","3","5","68.7"
"37","8","2026-07-04","25","1618","64.7","4","5","70.8"
"37","19","2026-07-05","21","1443","68.7","4","5","70.9"
"37","19","2026-07-06","16","1100","68.8","3","5","68.2"
"37","23","2026-07-09","19","1314","69.2","3","5","67.9"
"37","8","2026-07-10","15","1024","68.3","3","5","68.8"
"37","8","2026-07-11","17","1046","61.5","4","5","78.2"
"37","19","2026-07-14","12","717","59.8","4","5","75.8"
"37","8","2026-07-15","18","1129","62.8","3","5","67.3"
"37","23","2026-07-16","21","1356","64.6","4","5","73.8"
"37","8","2026-07-17","14","773","55.2","3","5","64.3"
"37","23","2026-07-18","21","1221","58.1","3","5","59.2"
"37","19","2026-07-19","12","765","63.8","4","5","76.6"
"37","23","2026-07-23","17","1089","64.1","4","5","76.1"
"37","8","2026-07-26","15","958","63.9","3","5","63.8"
"37","8","2026-07-27","14","798","57","4","5","71"
"37","19","2026-07-28","14","812","58.1","4","5","72.3"
"37","19","2026-07-31","17","968","57","4","5","71.6"
"37","19","2026-08-01","23","1258","54.7","3","5","64"
"37","19","2026-08-04","22","1389","63.2","3","5","68.7"
"37","8","2026-08-09","16","842","52.7","4","5","75"
"37","19","2026-08-10","21","1052","50.1","3","5","59.7"
"37","23","2026-08-16","13","797","61.4","3","5","63.9"
"37","23","2026-08-20","25","1301","52.1","4","5","78.1"
"37","8","2026-08-21","19","1047","55.2","3","5","59.9"
"37","19","2026-08-24","24","1292","53.9","4","5","70.3"
"37","8","2026-08-27","24","1281","53.4","4","5","70.1"
"38","3","2026-05-31","16","1030","64.4","4","5","79.2"
"38","3","2026-06-02","19","1235","65","3","5","67.7"
"38","4","2026-06-06","19","1267","66.7","4","5","77.5"
"38","18","2026-06-10","14","919","65.6","4","5","79.8"
"38","3","2026-06-13","21","1444","68.8","3","5","69.6"
"38","18","2026-06-17","23","1539","66.9","4","5","75.6"
"38","18","2026-06-22","25","1730","69.2","4","5","78.6"
"38","4","2026-06-24","19","1303","68.6","4","5","72.2"
"38","18","2026-06-27","15","1014","67.6","3","5","64.5"
"38","18","2026-07-03","17","1171","68.9","4","5","73.7"
"38","3","2026-07-04","20","1312","65.6","3","5","68.8"
"38","4","2026-07-06","23","1584","68.9","4","5","70"
"38","3","2026-07-12","20","1400","70","4","5","71.2"
"38","4","2026-07-14","22","1499","68.2","4","5","75.4"
"38","4","2026-07-15","15","999","66.6","4","5","75.1"
"38","4","2026-07-17","23","1582","68.8","3","5","69.9"
"38","4","2026-07-18","12","805","67.1","4","5","71.7"
"38","3","2026-07-20","25","1703","68.1","4","5","84.9"
"38","18","2026-07-23","11","705","64.1","4","5","75.9"
"38","4","2026-07-25","15","1040","69.3","3","5","69.6"
"38","18","2026-07-27","19","1249","65.7","3","5","69.2"
"38","18","2026-07-29","14","1016","72.6","3","5","69.1"
"38","3","2026-07-30","14","893","63.8","3","5","67"
"38","4","2026-08-01","17","1139","67","3","5","64.9"
"38","3","2026-08-02","11","735","66.8","4","5","74.6"
"38","3","2026-08-03","10","701","70.2","4","5","75.2"
"38","18","2026-08-07","23","1641","71.4","4","5","75.1"
"38","3","2026-08-08","17","1147","67.5","4","5","70.4"
"38","3","2026-08-10","10","688","68.9","3","5","65.1"
"38","4","2026-08-12","18","1279","71.1","4","5","72.8"
"38","3","2026-08-13","19","1372","72.2","4","5","72.4"
"38","18","2026-08-15","21","1477","70.4","4","5","73.1"
"38","4","2026-08-16","25","1694","67.8","4","5","73.7"
"38","18","2026-08-17","20","1345","67.3","3","5","68.8"
"38","18","2026-08-21","24","1698","70.8","4","5","71.1"
"38","3","2026-08-24","10","658","65.9","4","5","85.9"
"38","18","2026-08-25","10","706","70.7","3","5","69.3"
"38","4","2026-08-26","19","1289","67.9","4","5","78.2"
"39","19","2026-05-31","14","1664","118.9","5","5","97.4"
"39","12","2026-06-01","11","1258","114.4","4","5","77.7"
"39","9","2026-06-03","13","1529","117.7","4","5","90"
"39","12","2026-06-07","25","2949","118","4","5","84.8"
"39","9","2026-06-11","16","1884","117.8","5","5","92.7"
"39","12","2026-06-13","11","1325","120.5","4","5","80.5"
"39","12","2026-06-14","17","2030","119.4","4","5","89.8"
"39","9","2026-06-15","20","2387","119.4","4","5","76.8"
"39","19","2026-06-16","25","3000","120","4","5","83.5"
"39","12","2026-06-19","19","2249","118.4","4","5","79"
"39","12","2026-06-20","24","2879","120","4","5","89.3"
"39","19","2026-06-28","13","1466","112.8","4","5","85.6"
"39","9","2026-07-01","11","1293","117.6","4","5","78.5"
"39","12","2026-07-02","13","1563","120.3","5","5","96.4"
"39","12","2026-07-05","17","1966","115.7","4","5","89.6"
"39","19","2026-07-08","14","1610","115","5","5","97.2"
"39","9","2026-07-10","15","1733","115.6","5","5","92.1"
"39","19","2026-07-14","13","1508","116.1","4","5","86"
"39","9","2026-07-16","11","1266","115.1","4","5","89.5"
"39","19","2026-07-18","18","2103","116.8","4","5","86.5"
"39","9","2026-07-20","23","2778","120.8","4","5","88.6"
"39","9","2026-07-22","23","2629","114.3","5","5","91.9"
"39","19","2026-07-23","14","1627","116.2","4","5","79.8"
"39","9","2026-07-24","20","2510","125.5","4","5","85"
"39","12","2026-07-28","24","2853","118.9","5","5","90.3"
"39","9","2026-08-01","10","1218","121.9","5","5","98.7"
"39","12","2026-08-05","15","1885","125.7","4","5","79.1"
"39","9","2026-08-07","22","2689","122.3","4","5","87.2"
"39","9","2026-08-08","22","2580","117.3","4","5","88.7"
"39","19","2026-08-12","11","1335","121.4","4","5","83.5"
"39","12","2026-08-13","20","2413","120.7","5","5","92.2"
"39","12","2026-08-15","17","2025","119.2","4","5","87.2"
"39","12","2026-08-17","15","1831","122.1","4","5","84.9"
"39","9","2026-08-18","17","1991","117.2","4","5","85.2"
"39","19","2026-08-20","10","1220","122","5","5","90.5"
"39","19","2026-08-21","11","1328","120.7","4","5","75.6"
"39","9","2026-08-24","11","1311","119.2","5","5","91"
"39","9","2026-08-27","14","1641","117.2","4","5","85"
"40","24","2026-05-31","18","1002","55.7","4","5","88.7"
"40","24","2026-06-01","13","748","57.6","4","5","76"
"40","20","2026-06-02","20","1147","57.4","4","5","73.7"
"40","20","2026-06-04","18","1024","56.9","4","5","77.3"
"40","20","2026-06-10","14","781","55.8","4","5","77"
"40","24","2026-06-11","19","1072","56.4","4","5","72.8"
"40","24","2026-06-13","12","656","54.7","4","5","76.8"
"40","24","2026-06-15","16","894","55.9","3","5","69.2"
"40","24","2026-06-20","15","842","56.1","4","5","71.9"
"40","20","2026-06-21","21","1197","57","4","5","76.5"
"40","20","2026-06-29","13","584","45","4","5","74.6"
"40","20","2026-07-01","17","766","45.1","4","5","74.6"
"40","24","2026-07-03","22","1076","48.9","4","5","80.4"
"40","20","2026-07-04","25","914","36.6","3","5","66.8"
"40","24","2026-07-05","13","638","49.1","4","5","76.8"
"40","20","2026-07-09","22","1152","52.4","3","5","66.3"
"40","20","2026-07-14","14","573","40.9","4","5","80"
"40","19","2026-07-15","12","522","43.5","3","5","64.4"
"40","20","2026-07-16","22","1033","47","4","5","73.7"
"40","20","2026-07-19","14","530","37.9","3","5","68.4"
"40","19","2026-07-23","15","589","39.3","3","5","63"
"40","19","2026-07-24","21","813","38.7","4","5","80.4"
"40","19","2026-07-25","18","756","42.1","3","5","65.8"
"40","20","2026-07-28","23","1149","50","3","5","63.8"
"40","24","2026-07-31","16","645","40.3","4","5","71.1"
"40","24","2026-08-01","21","787","37.5","3","5","64.5"
"40","24","2026-08-02","20","702","35.1","3","5","66.5"
"40","24","2026-08-05","20","863","43.2","3","5","64.6"
"40","20","2026-08-06","13","510","39.3","3","5","65.9"
"40","19","2026-08-07","14","587","41.9","4","5","70.3"
"40","20","2026-08-08","24","861","35.9","3","5","65.7"
"40","19","2026-08-10","24","927","38.6","3","5","65.3"
"40","19","2026-08-11","15","623","41.6","4","5","73.3"
"40","19","2026-08-12","11","350","31.8","3","5","64.6"
"40","20","2026-08-16","17","578","34","4","5","76.5"
"40","19","2026-08-18","11","427","38.8","4","5","70.2"
"40","24","2026-08-22","17","521","30.7","3","5","64.9"
"40","24","2026-08-26","12","298","24.9","3","5","63.2"